,dataset,algorithm,config,runtime_x,percent_changes_detected_x,f1_detected_cps_at_x,precision_x,recall_x,actual_cps,detected_cps,detected_cps_at,runtime_y,percent_changes_detected_y,f1_detected_cps_at_y,precision_y,recall_y,mean_until_detection
0,CIF,MMDEW,$\alpha = 0.0001$,2899.8090756177903,117.77777777777779,0.8913283208020051,0.8306060606060607,0.9666666666666666,"[6000, 12000, 18000, 24000, 30000, 36000, 42000, 48000, 54000]","[3213876088517980551083924184682325205044405987565585670602751, 6427752177035961102167848369364650410088811975131171341205503, 9641628265553941653251772554046975615133217962696757011808255, 12855504354071922204335696738729300820177623950262342682411007, 14462442398330912479877658831070463422699826944045135517712383, 16069380442589902755419620923411626025222029937827928353013759, 19283256531107883306503545108093951230266435925393514023616511, 22497132619625863857587469292776276435310841912959099694219263, 25711008708143844408671393477458601640355247900524685364822015]","[6453, 12599, 19999, 26614, 31067, 38155, 42372, 48509, 59539]",2947.776083469391,100.0,1.0,1.0,1.0,1700.7777777777778
1,CIF,MMDEW,$\alpha = 0.0001$,2899.8090756177903,117.77777777777779,0.8913283208020051,0.8306060606060607,0.9666666666666666,"[6000, 12000, 18000, 24000, 30000, 36000, 42000, 48000, 54000]","[3213876088517980551083924184682325205044405987565585670602751, 6427752177035961102167848369364650410088811975131171341205503, 8034690221294951377709810461705813012611014968913964176506879, 9641628265553941653251772554046975615133217962696757011808255, 12855504354071922204335696738729300820177623950262342682411007, 14462442398330912479877658831070463422699826944045135517712383, 16069380442589902755419620923411626025222029937827928353013759, 19283256531107883306503545108093951230266435925393514023616511, 22497132619625863857587469292776276435310841912959099694219263, 25711008708143844408671393477458601640355247900524685364822015, 28924884796661824959755317662140926845399653888090271035424767]","[6502, 12616, 15678, 20796, 26247, 28024, 31537, 36692, 42391, 48439, 59913]",2865.1048419475555,122.22222222222223,0.9,0.8181818181818182,1.0,1681.4444444444443
2,CIF,MMDEW,$\alpha = 0.0001$,2899.8090756177903,117.77777777777779,0.8913283208020051,0.8306060606060607,0.9666666666666666,"[6000, 12000, 18000, 24000, 30000, 36000, 42000, 48000, 54000]","[3213876088517980551083924184682325205044405987565585670602751, 4820814132776970826625886277023487807566608981348378505904127, 6427752177035961102167848369364650410088811975131171341205503, 9641628265553941653251772554046975615133217962696757011808255, 11248566309812931928793734646388138217655420956479549847109631, 12855504354071922204335696738729300820177623950262342682411007, 16069380442589902755419620923411626025222029937827928353013759, 17676318486848893030961583015752788627744232931610721188315135, 19283256531107883306503545108093951230266435925393514023616511, 22497132619625863857587469292776276435310841912959099694219263, 25711008708143844408671393477458601640355247900524685364822015]","[6499, 12407, 12776, 19282, 26027, 31680, 36710, 39702, 42365, 48513, 58105]",2948.295431613922,122.22222222222223,0.9,0.8181818181818182,1.0,1287.5555555555557
3,CIF,MMDEW,$\alpha = 0.0001$,2899.8090756177903,117.77777777777779,0.8913283208020051,0.8306060606060607,0.9666666666666666,"[6000, 12000, 18000, 24000, 30000, 36000, 42000, 48000, 54000]","[1606938044258990275541962092341162602522202993782792835301375, 3213876088517980551083924184682325205044405987565585670602751, 6427752177035961102167848369364650410088811975131171341205503, 9641628265553941653251772554046975615133217962696757011808255, 12855504354071922204335696738729300820177623950262342682411007, 14462442398330912479877658831070463422699826944045135517712383, 19283256531107883306503545108093951230266435925393514023616511, 20890194575366873582045507200435113832788638919176306858917887, 22497132619625863857587469292776276435310841912959099694219263, 25711008708143844408671393477458601640355247900524685364822015, 28924884796661824959755317662140926845399653888090271035424767]","[6362, 6528, 12667, 20351, 26106, 31378, 36844, 38881, 42422, 48498, 55918]",2855.5682315826416,122.22222222222223,0.9,0.8181818181818182,1.0,1171.7777777777778
4,CIF,MMDEW,$\alpha = 0.0001$,2899.8090756177903,117.77777777777779,0.8913283208020051,0.8306060606060607,0.9666666666666666,"[6000, 12000, 18000, 24000, 30000, 36000, 42000, 48000, 54000]","[3213876088517980551083924184682325205044405987565585670602751, 4820814132776970826625886277023487807566608981348378505904127, 6427752177035961102167848369364650410088811975131171341205503, 9641628265553941653251772554046975615133217962696757011808255, 11248566309812931928793734646388138217655420956479549847109631, 12855504354071922204335696738729300820177623950262342682411007, 16069380442589902755419620923411626025222029937827928353013759, 19283256531107883306503545108093951230266435925393514023616511, 22497132619625863857587469292776276435310841912959099694219263, 25711008708143844408671393477458601640355247900524685364822015]","[6412, 12261, 12717, 19839, 25133, 32306, 38708, 42546, 48473, 55772]",3052.5774178504944,111.11111111111111,0.9473684210526316,0.9,1.0,1272.2222222222222
5,CIF,MMDEW,$\alpha = 0.0001$,2899.8090756177903,117.77777777777779,0.8913283208020051,0.8306060606060607,0.9666666666666666,"[6000, 12000, 18000, 24000, 30000, 36000, 42000, 48000, 54000]","[3213876088517980551083924184682325205044405987565585670602751, 4820814132776970826625886277023487807566608981348378505904127, 6427752177035961102167848369364650410088811975131171341205503, 8034690221294951377709810461705813012611014968913964176506879, 9641628265553941653251772554046975615133217962696757011808255, 11248566309812931928793734646388138217655420956479549847109631, 12855504354071922204335696738729300820177623950262342682411007, 16069380442589902755419620923411626025222029937827928353013759, 17676318486848893030961583015752788627744232931610721188315135, 19283256531107883306503545108093951230266435925393514023616511, 20890194575366873582045507200435113832788638919176306858917887, 22497132619625863857587469292776276435310841912959099694219263]","[6477, 9762, 12568, 19337, 19970, 31320, 33095, 36805, 42109, 42365, 48402, 48443]",2717.4715361595154,133.33333333333331,0.6666666666666666,0.5833333333333334,0.7777777777777778,716.8571428571429
6,CIF,MMDEW,$\alpha = 0.0001$,2899.8090756177903,117.77777777777779,0.8913283208020051,0.8306060606060607,0.9666666666666666,"[6000, 12000, 18000, 24000, 30000, 36000, 42000, 48000, 54000]","[1606938044258990275541962092341162602522202993782792835301375, 3213876088517980551083924184682325205044405987565585670602751, 6427752177035961102167848369364650410088811975131171341205503, 9641628265553941653251772554046975615133217962696757011808255, 11248566309812931928793734646388138217655420956479549847109631, 12855504354071922204335696738729300820177623950262342682411007, 17676318486848893030961583015752788627744232931610721188315135, 20890194575366873582045507200435113832788638919176306858917887, 25711008708143844408671393477458601640355247900524685364822015, 28924884796661824959755317662140926845399653888090271035424767, 30531822840920815235297279754482089447921856881873063870726143]","[6356, 6621, 12577, 19395, 24992, 25941, 30715, 37076, 42404, 48563, 55850]",2557.60173869133,122.22222222222223,0.9,0.8181818181818182,1.0,880.8888888888889
7,CIF,MMDEW,$\alpha = 0.0001$,2899.8090756177903,117.77777777777779,0.8913283208020051,0.8306060606060607,0.9666666666666666,"[6000, 12000, 18000, 24000, 30000, 36000, 42000, 48000, 54000]","[3213876088517980551083924184682325205044405987565585670602751, 6427752177035961102167848369364650410088811975131171341205503, 9641628265553941653251772554046975615133217962696757011808255, 11248566309812931928793734646388138217655420956479549847109631, 12855504354071922204335696738729300820177623950262342682411007, 16069380442589902755419620923411626025222029937827928353013759, 19283256531107883306503545108093951230266435925393514023616511, 22497132619625863857587469292776276435310841912959099694219263, 25711008708143844408671393477458601640355247900524685364822015]","[6452, 12661, 19909, 25154, 32358, 36732, 42420, 48474, 58030]",2996.86226439476,100.0,1.0,1.0,1.0,1354.4444444444443
8,CIF,MMDEW,$\alpha = 0.0001$,2899.8090756177903,117.77777777777779,0.8913283208020051,0.8306060606060607,0.9666666666666666,"[6000, 12000, 18000, 24000, 30000, 36000, 42000, 48000, 54000]","[3213876088517980551083924184682325205044405987565585670602751, 4820814132776970826625886277023487807566608981348378505904127, 6427752177035961102167848369364650410088811975131171341205503, 9641628265553941653251772554046975615133217962696757011808255, 11248566309812931928793734646388138217655420956479549847109631, 14462442398330912479877658831070463422699826944045135517712383, 16069380442589902755419620923411626025222029937827928353013759, 17676318486848893030961583015752788627744232931610721188315135, 19283256531107883306503545108093951230266435925393514023616511, 20890194575366873582045507200435113832788638919176306858917887, 24104070663884854133129431385117439037833044906741892529520639, 28924884796661824959755317662140926845399653888090271035424767]","[6503, 12413, 13022, 20408, 26434, 34712, 36709, 37793, 42216, 42354, 48468, 56201]",3024.2726294994354,133.33333333333331,0.8571428571428571,0.75,1.0,1562.6666666666667
9,CIF,MMDEW,$\alpha = 0.0001$,2899.8090756177903,117.77777777777779,0.8913283208020051,0.8306060606060607,0.9666666666666666,"[6000, 12000, 18000, 24000, 30000, 36000, 42000, 48000, 54000]","[1606938044258990275541962092341162602522202993782792835301375, 3213876088517980551083924184682325205044405987565585670602751, 4820814132776970826625886277023487807566608981348378505904127, 6427752177035961102167848369364650410088811975131171341205503, 9641628265553941653251772554046975615133217962696757011808255, 12855504354071922204335696738729300820177623950262342682411007, 16069380442589902755419620923411626025222029937827928353013759, 19283256531107883306503545108093951230266435925393514023616511, 22497132619625863857587469292776276435310841912959099694219263, 25711008708143844408671393477458601640355247900524685364822015]","[3112, 6432, 12615, 13031, 19825, 32542, 36784, 42441, 48582, 58157]",3032.560580968857,111.11111111111111,0.8421052631578948,0.8,0.8888888888888888,1422.25
10,CIF,MMDEW_nys,$\alpha = 0.01$,1598.692774105072,100.0,0.9111111111111111,0.9111111111111111,0.9111111111111111,"[6000, 12000, 18000, 24000, 30000, 36000, 42000, 48000, 54000]","[6143, 12287, 18431, 26623, 30719, 34815, 41983, 48127, 54271]","[7014, 12983, 19200, 30372, 32479, 37600, 42917, 48640, 55552]",1738.0128633975985,100.0,0.8888888888888888,0.8888888888888888,0.8888888888888888,1034.75
11,CIF,MMDEW_nys,$\alpha = 0.01$,1598.692774105072,100.0,0.9111111111111111,0.9111111111111111,0.9111111111111111,"[6000, 12000, 18000, 24000, 30000, 36000, 42000, 48000, 54000]","[6143, 12287, 18431, 26623, 30719, 34815, 41983, 48127, 54271]","[7986, 12800, 19172, 31016, 31787, 36864, 42612, 48640, 55808]",1565.5384049415588,100.0,0.8888888888888888,0.8888888888888888,0.8888888888888888,1112.25
12,CIF,MMDEW_nys,$\alpha = 0.01$,1598.692774105072,100.0,0.9111111111111111,0.9111111111111111,0.9111111111111111,"[6000, 12000, 18000, 24000, 30000, 36000, 42000, 48000, 54000]","[8191, 12287, 18431, 26623, 30719, 34815, 41983, 48127, 54271]","[10574, 12800, 19197, 30463, 31643, 37888, 42533, 48728, 55296]",1657.7246108055117,100.0,0.8888888888888888,0.8888888888888888,0.8888888888888888,1434.875
13,CIF,MMDEW_nys,$\alpha = 0.01$,1598.692774105072,100.0,0.9111111111111111,0.9111111111111111,0.9111111111111111,"[6000, 12000, 18000, 24000, 30000, 36000, 42000, 48000, 54000]","[6143, 12287, 18431, 26623, 30719, 34815, 41983, 48127, 54271]","[7871, 12751, 19088, 30201, 33247, 38144, 42613, 48640, 55313]",1539.1684119701383,100.0,0.8888888888888888,0.8888888888888888,0.8888888888888888,1077.625
14,CIF,MMDEW_nys,$\alpha = 0.01$,1598.692774105072,100.0,0.9111111111111111,0.9111111111111111,0.9111111111111111,"[6000, 12000, 18000, 24000, 30000, 36000, 42000, 48000, 54000]","[6143, 12287, 18431, 26623, 30719, 34815, 41983, 48127, 54271]","[7775, 13448, 19204, 30469, 32478, 37536, 42586, 48645, 55936]",1626.1162276268003,100.0,0.8888888888888888,0.8888888888888888,0.8888888888888888,1199.875
15,CIF,MMDEW_nys,$\alpha = 0.01$,1598.692774105072,100.0,0.9111111111111111,0.9111111111111111,0.9111111111111111,"[6000, 12000, 18000, 24000, 30000, 36000, 42000, 48000, 54000]","[6143, 12287, 18431, 26623, 30719, 34815, 43007, 48127, 54271]","[7782, 12831, 19164, 28884, 32829, 37376, 43623, 48832, 55744]",1554.3129451274872,100.0,1.0,1.0,1.0,1896.111111111111
16,CIF,MMDEW_nys,$\alpha = 0.01$,1598.692774105072,100.0,0.9111111111111111,0.9111111111111111,0.9111111111111111,"[6000, 12000, 18000, 24000, 30000, 36000, 42000, 48000, 54000]","[6143, 12287, 18431, 26623, 30719, 34815, 41983, 48127, 54271]","[7535, 13015, 19232, 31133, 32365, 38016, 42597, 48640, 55792]",1591.2938196659088,100.0,0.8888888888888888,0.8888888888888888,0.8888888888888888,1245.0
17,CIF,MMDEW_nys,$\alpha = 0.01$,1598.692774105072,100.0,0.9111111111111111,0.9111111111111111,0.9111111111111111,"[6000, 12000, 18000, 24000, 30000, 36000, 42000, 48000, 54000]","[6143, 12287, 18431, 26623, 30719, 36863, 41983, 48127, 54271]","[7248, 13299, 19072, 30443, 32231, 38176, 42527, 48753, 55424]",1548.308227777481,100.0,0.8888888888888888,0.8888888888888888,0.8888888888888888,1117.75
18,CIF,MMDEW_nys,$\alpha = 0.01$,1598.692774105072,100.0,0.9111111111111111,0.9111111111111111,0.9111111111111111,"[6000, 12000, 18000, 24000, 30000, 36000, 42000, 48000, 54000]","[6143, 12287, 18431, 26623, 30719, 36863, 41983, 48127, 54271]","[7642, 13303, 19232, 30720, 31983, 38400, 42427, 48512, 55744]",1459.4192202091217,100.0,0.8888888888888888,0.8888888888888888,0.8888888888888888,1247.5
19,CIF,MMDEW_nys,$\alpha = 0.01$,1598.692774105072,100.0,0.9111111111111111,0.9111111111111111,0.9111111111111111,"[6000, 12000, 18000, 24000, 30000, 36000, 42000, 48000, 54000]","[8191, 12287, 18431, 24575, 30719, 34815, 41983, 48127, 54271]","[10869, 13015, 19052, 25869, 31971, 37184, 42685, 48576, 55424]",1707.0330095291138,100.0,1.0,1.0,1.0,1627.2222222222222
20,CIF,NewMA,"$wsize=50, forget_factor=0.07, thresholding_quantile=0.999$",8.287331032752991,137.77777777777777,0.6059714777975648,0.5739183610507139,0.7222222222222222,"[6000, 12000, 18000, 24000, 30000, 36000, 42000, 48000, 54000]",[],"[16979, 28445, 31688, 35796, 39099, 39620, 45473, 48586, 53048]",8.457594156265259,100.0,0.6666666666666666,0.6666666666666666,0.6666666666666666,3045.0
21,CIF,NewMA,"$wsize=50, forget_factor=0.07, thresholding_quantile=0.999$",8.287331032752991,137.77777777777777,0.6059714777975648,0.5739183610507139,0.7222222222222222,"[6000, 12000, 18000, 24000, 30000, 36000, 42000, 48000, 54000]",[],"[2651, 6432, 7082, 11000, 12719, 16979, 24574, 28063, 32529, 33982, 39099, 39620, 41028, 43988, 44877, 53048]",6.770289182662964,177.77777777777777,0.56,0.4375,0.7777777777777778,2055.5714285714284
22,CIF,NewMA,"$wsize=50, forget_factor=0.07, thresholding_quantile=0.999$",8.287331032752991,137.77777777777777,0.6059714777975648,0.5739183610507139,0.7222222222222222,"[6000, 12000, 18000, 24000, 30000, 36000, 42000, 48000, 54000]",[],"[6970, 8947, 11000, 16979, 23817, 24574, 25459, 28063, 31688, 39620, 52456, 53048, 53291, 55541]",9.006015539169312,155.55555555555557,0.6956521739130435,0.5714285714285714,0.8888888888888888,2955.625
23,CIF,NewMA,"$wsize=50, forget_factor=0.07, thresholding_quantile=0.999$",8.287331032752991,137.77777777777777,0.6059714777975648,0.5739183610507139,0.7222222222222222,"[6000, 12000, 18000, 24000, 30000, 36000, 42000, 48000, 54000]",[],"[16979, 23817, 28063, 28445, 33982, 35796, 35925, 37884, 39620, 52456, 53048, 53291]",8.195697546005249,133.33333333333331,0.5714285714285715,0.5,0.6666666666666666,4196.833333333333
24,CIF,NewMA,"$wsize=50, forget_factor=0.07, thresholding_quantile=0.999$",8.287331032752991,137.77777777777777,0.6059714777975648,0.5739183610507139,0.7222222222222222,"[6000, 12000, 18000, 24000, 30000, 36000, 42000, 48000, 54000]",[],"[16979, 31688, 52456]",8.700768947601318,33.33333333333333,0.5,1.0,0.3333333333333333,3707.6666666666665
25,CIF,NewMA,"$wsize=50, forget_factor=0.07, thresholding_quantile=0.999$",8.287331032752991,137.77777777777777,0.6059714777975648,0.5739183610507139,0.7222222222222222,"[6000, 12000, 18000, 24000, 30000, 36000, 42000, 48000, 54000]",[],"[889, 6004, 16979, 25459, 27043, 35238, 39620, 40149, 42249, 48113, 48586]",8.208463430404663,122.22222222222223,0.7000000000000001,0.6363636363636364,0.7777777777777778,2237.4285714285716
26,CIF,NewMA,"$wsize=50, forget_factor=0.07, thresholding_quantile=0.999$",8.287331032752991,137.77777777777777,0.6059714777975648,0.5739183610507139,0.7222222222222222,"[6000, 12000, 18000, 24000, 30000, 36000, 42000, 48000, 54000]",[],"[2651, 16979, 23817, 24574, 28063, 33982, 35925, 37884, 39620, 41028, 43988, 53048]",8.400728940963745,133.33333333333331,0.6666666666666666,0.5833333333333334,0.7777777777777778,3467.4285714285716
27,CIF,NewMA,"$wsize=50, forget_factor=0.07, thresholding_quantile=0.999$",8.287331032752991,137.77777777777777,0.6059714777975648,0.5739183610507139,0.7222222222222222,"[6000, 12000, 18000, 24000, 30000, 36000, 42000, 48000, 54000]",[],"[7082, 16049, 16979, 23817, 24574, 26603, 28063, 31107, 37884, 39620, 41028, 45120, 45473, 48113, 48586, 53048, 53291]",8.516800165176392,188.88888888888889,0.6153846153846153,0.47058823529411764,0.8888888888888888,2218.25
28,CIF,NewMA,"$wsize=50, forget_factor=0.07, thresholding_quantile=0.999$",8.287331032752991,137.77777777777777,0.6059714777975648,0.5739183610507139,0.7222222222222222,"[6000, 12000, 18000, 24000, 30000, 36000, 42000, 48000, 54000]",[],"[2889, 8990, 11000, 21146, 24574, 26603, 35437, 35925, 39099, 39620, 41028, 52456, 53048]",9.087882995605469,144.44444444444443,0.5454545454545455,0.46153846153846156,0.6666666666666666,3283.6666666666665
29,CIF,NewMA,"$wsize=50, forget_factor=0.07, thresholding_quantile=0.999$",8.287331032752991,137.77777777777777,0.6059714777975648,0.5739183610507139,0.7222222222222222,"[6000, 12000, 18000, 24000, 30000, 36000, 42000, 48000, 54000]",[],"[1971, 2651, 6004, 11000, 16979, 26603, 31688, 35238, 35925, 39099, 39379, 40149, 41028, 48586, 53048, 53291, 55813]",7.529069423675537,188.88888888888889,0.5384615384615384,0.4117647058823529,0.7777777777777778,2110.285714285714
30,CIF,ScanB,"$wsize = 300, numw = 3, thresholding_quantile=0.999, forget_factor=0.06$",6550.027543067932,11.11111111111111,0.19999999999999998,1.0,0.11111111111111112,"[6000, 12000, 18000, 24000, 30000, 36000, 42000, 48000, 54000]",[],[25327],7052.061190366745,11.11111111111111,0.19999999999999998,1.0,0.1111111111111111,1327.0
31,CIF,ScanB,"$wsize = 300, numw = 3, thresholding_quantile=0.999, forget_factor=0.06$",6550.027543067932,11.11111111111111,0.19999999999999998,1.0,0.11111111111111112,"[6000, 12000, 18000, 24000, 30000, 36000, 42000, 48000, 54000]",[],[25327],6427.206496953964,11.11111111111111,0.19999999999999998,1.0,0.1111111111111111,1327.0
32,CIF,ScanB,"$wsize = 300, numw = 3, thresholding_quantile=0.999, forget_factor=0.06$",6550.027543067932,11.11111111111111,0.19999999999999998,1.0,0.11111111111111112,"[6000, 12000, 18000, 24000, 30000, 36000, 42000, 48000, 54000]",[],[25327],6712.474226236343,11.11111111111111,0.19999999999999998,1.0,0.1111111111111111,1327.0
33,CIF,ScanB,"$wsize = 300, numw = 3, thresholding_quantile=0.999, forget_factor=0.06$",6550.027543067932,11.11111111111111,0.19999999999999998,1.0,0.11111111111111112,"[6000, 12000, 18000, 24000, 30000, 36000, 42000, 48000, 54000]",[],[25327],6745.0517637729645,11.11111111111111,0.19999999999999998,1.0,0.1111111111111111,1327.0
34,CIF,ScanB,"$wsize = 300, numw = 3, thresholding_quantile=0.999, forget_factor=0.06$",6550.027543067932,11.11111111111111,0.19999999999999998,1.0,0.11111111111111112,"[6000, 12000, 18000, 24000, 30000, 36000, 42000, 48000, 54000]",[],[25327],6731.562456607819,11.11111111111111,0.19999999999999998,1.0,0.1111111111111111,1327.0
35,CIF,ScanB,"$wsize = 300, numw = 3, thresholding_quantile=0.999, forget_factor=0.06$",6550.027543067932,11.11111111111111,0.19999999999999998,1.0,0.11111111111111112,"[6000, 12000, 18000, 24000, 30000, 36000, 42000, 48000, 54000]",[],[25327],6107.075971841812,11.11111111111111,0.19999999999999998,1.0,0.1111111111111111,1327.0
36,CIF,ScanB,"$wsize = 300, numw = 3, thresholding_quantile=0.999, forget_factor=0.06$",6550.027543067932,11.11111111111111,0.19999999999999998,1.0,0.11111111111111112,"[6000, 12000, 18000, 24000, 30000, 36000, 42000, 48000, 54000]",[],[25327],6531.645024061203,11.11111111111111,0.19999999999999998,1.0,0.1111111111111111,1327.0
37,CIF,ScanB,"$wsize = 300, numw = 3, thresholding_quantile=0.999, forget_factor=0.06$",6550.027543067932,11.11111111111111,0.19999999999999998,1.0,0.11111111111111112,"[6000, 12000, 18000, 24000, 30000, 36000, 42000, 48000, 54000]",[],[25327],6242.19257235527,11.11111111111111,0.19999999999999998,1.0,0.1111111111111111,1327.0
38,CIF,ScanB,"$wsize = 300, numw = 3, thresholding_quantile=0.999, forget_factor=0.06$",6550.027543067932,11.11111111111111,0.19999999999999998,1.0,0.11111111111111112,"[6000, 12000, 18000, 24000, 30000, 36000, 42000, 48000, 54000]",[],[25327],6418.27620100975,11.11111111111111,0.19999999999999998,1.0,0.1111111111111111,1327.0
39,CIF,ScanB,"$wsize = 300, numw = 3, thresholding_quantile=0.999, forget_factor=0.06$",6550.027543067932,11.11111111111111,0.19999999999999998,1.0,0.11111111111111112,"[6000, 12000, 18000, 24000, 30000, 36000, 42000, 48000, 54000]",[],[25327],6532.72952747345,11.11111111111111,0.19999999999999998,1.0,0.1111111111111111,1327.0
40,FMNIST,MMDEW,$\alpha = 0.0001$,3022.097906541824,114.44444444444443,0.9360287081339713,0.8846853146853147,1.0,"[7000, 14000, 21000, 28000, 35000, 42000, 49000, 56000, 63000]","[1606938044258990275541962092341162602522202993782792835301375, 6427752177035961102168188651731571348552275349738603109416959, 12855504354071922204336037021096221758641105771613848160174079, 19283256531107883306503885390460872168729917746745019501379583, 24104070663884854133129771667484359976296526728093398007283711, 30531822840920815235297620036849010386385338703224569348489215, 36959575017956776337465808688580581734937614052963172457906175, 41780389150733747164091694965604069542504223034311550963810303, 46601203283510717990717921524994478288534295390267361237925887, 53028955460546679092886110176726049637086570740005964347342847, 54635893504805669368428072269067212239608773733788757182644223]","[5829, 7133, 14066, 21133, 28228, 35088, 42170, 49811, 56054, 63076, 69522]",2900.7032272815704,122.22222222222223,0.9,0.8181818181818182,1.0,195.44444444444446
41,FMNIST,MMDEW,$\alpha = 0.0001$,3022.097906541824,114.44444444444443,0.9360287081339713,0.8846853146853147,1.0,"[7000, 14000, 21000, 28000, 35000, 42000, 49000, 56000, 63000]","[6427752177035961102168188651731571348552275349738603109416959, 12855504354071922204336037021096221758641105771613848160174079, 19283256531107883306503885390460872168729917746745019501379583, 24104070663884854133129771667484359976296526728093398007283711, 30531822840920815235297620036849010386385338703224569348489215, 36959575017956776337465808688580581734937614052963172457906175, 38566513062215766613007770780921744337459817046745965293207551, 41780389150733747164091694965604069542504223034311550963810303, 46601203283510717990717921524994478288534295390267361237925887, 53028955460546679092886110176726049637086570740005964347342847]","[7128, 14066, 21132, 28230, 35091, 42165, 49146, 49839, 56053, 63076]",2932.8882372379303,111.11111111111111,0.9473684210526316,0.9,1.0,120.77777777777777
42,FMNIST,MMDEW,$\alpha = 0.0001$,3022.097906541824,114.44444444444443,0.9360287081339713,0.8846853146853147,1.0,"[7000, 14000, 21000, 28000, 35000, 42000, 49000, 56000, 63000]","[6427752177035961102168188651731571348552275349738603109416959, 12855504354071922204336037021096221758641105771613848160174079, 19283256531107883306503885390460872168729917746745019501379583, 24104070663884854133129771667484359976296526728093398007283711, 30531822840920815235297620036849010386385338703224569348489215, 32138760885179805510839582129190172988907541697007362183790591, 36959575017956776337465808688580581734937614052963172457906175, 41780389150733747164091694965604069542504223034311550963810303, 46601203283510717990717921524994478288534295390267361237925887, 53028955460546679092885769894359128698623107365398532579131391, 53028955460546679092886110176726049637086570740005964347342847]","[7129, 14066, 21131, 28226, 35094, 38449, 42170, 49790, 56053, 63076, 63114]",3001.0929210186005,122.22222222222223,0.9,0.8181818181818182,1.0,192.77777777777777
43,FMNIST,MMDEW,$\alpha = 0.0001$,3022.097906541824,114.44444444444443,0.9360287081339713,0.8846853146853147,1.0,"[7000, 14000, 21000, 28000, 35000, 42000, 49000, 56000, 63000]","[6427752177035961102168188651731571348552275349738603109416959, 12855504354071922204336037021096221758641105771613848160174079, 19283256531107883306503885390460872168729917746745019501379583, 24104070663884854133129771667484359976296526728093398007283711, 30531822840920815235297620036849010386385338703224569348489215, 36959575017956776337465808688580581734937614052963172457906175, 41780389150733747164091694965604069542504223034311550963810303, 46601203283510717990717921524994478288534295390267361237925887, 53028955460546679092886110176726049637086570740005964347342847]","[7130, 14066, 21132, 28229, 35092, 42166, 50035, 56055, 63076]",3087.271789073944,100.0,1.0,1.0,1.0,220.11111111111111
44,FMNIST,MMDEW,$\alpha = 0.0001$,3022.097906541824,114.44444444444443,0.9360287081339713,0.8846853146853147,1.0,"[7000, 14000, 21000, 28000, 35000, 42000, 49000, 56000, 63000]","[6427752177035961102168188651731571348552275349738603109416959, 12855504354071922204336037021096221758641105771613848160174079, 19283256531107883306503885390460872168729917746745019501379583, 24104070663884854133129771667484359976296526728093398007283711, 30531822840920815235297620036849010386385338703224569348489215, 36959575017956776337465808688580581734937614052963172457906175, 41780389150733747164091694965604069542504223034311550963810303, 46601203283510717990717921524994478288534295390267361237925887, 48208141327769708266259883617335640891056498384050154073227263, 53028955460546679092885769894359128698623107365398532579131391, 53028955460546679092886110176726049637086570740005964347342847]","[7131, 14066, 21134, 28228, 35093, 42166, 49725, 56054, 62020, 63076, 63114]",3125.549262046814,122.22222222222223,0.9,0.8181818181818182,1.0,185.88888888888889
45,FMNIST,MMDEW,$\alpha = 0.0001$,3022.097906541824,114.44444444444443,0.9360287081339713,0.8846853146853147,1.0,"[7000, 14000, 21000, 28000, 35000, 42000, 49000, 56000, 63000]","[6427752177035961102168188651731571348552275349738603109416959, 12855504354071922204336037021096221758641105771613848160174079, 19283256531107883306503885390460872168729917746745019501379583, 24104070663884854133129771667484359976296526728093398007283711, 30531822840920815235297620036849010386385338703224569348489215, 36959575017956776337465808688580581734937614052963172457906175, 41780389150733747164091694965604069542504223034311550963810303, 46601203283510717990717921524994478288534295390267361237925887, 53028955460546679092886110176726049637086570740005964347342847]","[7131, 14066, 21130, 28230, 35092, 42168, 49772, 56055, 63076]",2998.4000129699707,100.0,1.0,1.0,1.0,191.11111111111111
46,FMNIST,MMDEW,$\alpha = 0.0001$,3022.097906541824,114.44444444444443,0.9360287081339713,0.8846853146853147,1.0,"[7000, 14000, 21000, 28000, 35000, 42000, 49000, 56000, 63000]","[6427752177035961102168188651731571348552275349738603109416959, 12855504354071922204336037021096221758641105771613848160174079, 19283256531107883306503885390460872168729917746745019501379583, 24104070663884854133129771667484359976296526728093398007283711, 30531822840920815235297620036849010386385338703224569348489215, 36959575017956776337465808688580581734937614052963172457906175, 41780389150733747164091694965604069542504223034311550963810303, 46601203283510717990717921524994478288534295390267361237925887, 53028955460546679092885769894359128698623107365398532579131391, 53028955460546679092886110176726049637086570740005964347342847]","[7128, 14066, 21132, 28228, 35093, 42166, 49825, 56055, 63075, 63114]",3071.87037730217,111.11111111111111,0.9473684210526316,0.9,1.0,196.44444444444446
47,FMNIST,MMDEW,$\alpha = 0.0001$,3022.097906541824,114.44444444444443,0.9360287081339713,0.8846853146853147,1.0,"[7000, 14000, 21000, 28000, 35000, 42000, 49000, 56000, 63000]","[6427752177035961102168188651731571348552275349738603109416959, 12855504354071922204336037021096221758641105771613848160174079, 19283256531107883306503885390460872168729917746745019501379583, 20890194575366873582045847482802034771252120740527812336680959, 24104070663884854133129771667484359976296526728093398007283711, 30531822840920815235297620036849010386385338703224569348489215, 36959575017956776337465808688580581734937614052963172457906175, 41780389150733747164091694965604069542504223034311550963810303, 46601203283510717990717921524994478288534295390267361237925887, 48208141327769708266259883617335640891056498384050154073227263, 49815079372028698541801845709676803493578701377832946908528639, 54635893504805669368427731986700291301145310359181325414432767, 54635893504805669368428072269067212239608773733788757182644223]","[7131, 14066, 21132, 28159, 28230, 35093, 42165, 49822, 56054, 59377, 62011, 63076, 63114]",3053.3358924388885,144.44444444444443,0.8181818181818181,0.6923076923076923,1.0,188.66666666666666
48,FMNIST,MMDEW,$\alpha = 0.0001$,3022.097906541824,114.44444444444443,0.9360287081339713,0.8846853146853147,1.0,"[7000, 14000, 21000, 28000, 35000, 42000, 49000, 56000, 63000]","[6427752177035961102168188651731571348552275349738603109416959, 12855504354071922204336037021096221758641105771613848160174079, 19283256531107883306503885390460872168729917746745019501379583, 24104070663884854133129771667484359976296526728093398007283711, 30531822840920815235297620036849010386385338703224569348489215, 36959575017956776337465808688580581734937614052963172457906175, 41780389150733747164091694965604069542504223034311550963810303, 46601203283510717990717921524994478288534295390267361237925887, 53028955460546679092886110176726049637086570740005964347342847]","[7129, 14066, 21131, 28230, 35092, 42170, 49909, 56054, 63076]",3055.679318666458,100.0,1.0,1.0,1.0,206.33333333333334
49,FMNIST,MMDEW,$\alpha = 0.0001$,3022.097906541824,114.44444444444443,0.9360287081339713,0.8846853146853147,1.0,"[7000, 14000, 21000, 28000, 35000, 42000, 49000, 56000, 63000]","[6427752177035961102168188651731571348552275349738603109416959, 8034690221294951377710150744072733951074478343521395944718335, 12855504354071922204336037021096221758641105771613848160174079, 19283256531107883306503885390460872168729917746745019501379583, 24104070663884854133129771667484359976296526728093398007283711, 30531822840920815235297620036849010386385338703224569348489215, 36959575017956776337465808688580581734937614052963172457906175, 41780389150733747164091694965604069542504223034311550963810303, 46601203283510717990717921524994478288534295390267361237925887, 53028955460546679092886110176726049637086570740005964347342847]","[7129, 13324, 14067, 21131, 28229, 35092, 42170, 49844, 56055, 63076]",2994.188027381897,111.11111111111111,0.9473684210526316,0.9,1.0,199.22222222222223
50,FMNIST,MMDEW_nys,$\alpha = 0.001$,1701.6198180675506,90.0,0.9470588235294117,1.0,0.9,"[7000, 14000, 21000, 28000, 35000, 42000, 49000, 56000, 63000]","[7167, 14335, 20479, 28671, 34815, 41983, 56063, 62975]","[7679, 14679, 22134, 29587, 35615, 42837, 56214, 63132]",1682.4368619918823,88.88888888888889,0.9411764705882353,1.0,0.8888888888888888,734.625
51,FMNIST,MMDEW_nys,$\alpha = 0.001$,1701.6198180675506,90.0,0.9470588235294117,1.0,0.9,"[7000, 14000, 21000, 28000, 35000, 42000, 49000, 56000, 63000]","[7167, 14335, 20479, 28671, 34815, 41983, 56063, 62975]","[7594, 14603, 21869, 29514, 35674, 42870, 56221, 63124]",1662.5939478874209,88.88888888888889,0.9411764705882353,1.0,0.8888888888888888,683.625
52,FMNIST,MMDEW_nys,$\alpha = 0.001$,1701.6198180675506,90.0,0.9470588235294117,1.0,0.9,"[7000, 14000, 21000, 28000, 35000, 42000, 49000, 56000, 63000]","[7167, 14335, 20479, 28671, 34815, 41983, 56063, 62975]","[7798, 14573, 22015, 29607, 35563, 42805, 56243, 63124]",1725.0082156658173,88.88888888888889,0.9411764705882353,1.0,0.8888888888888888,716.0
53,FMNIST,MMDEW_nys,$\alpha = 0.001$,1701.6198180675506,90.0,0.9470588235294117,1.0,0.9,"[7000, 14000, 21000, 28000, 35000, 42000, 49000, 56000, 63000]","[7167, 14335, 20479, 28671, 34815, 41983, 56063, 62975]","[7647, 14626, 22006, 29659, 35570, 42877, 56245, 63119]",1729.2245886325836,88.88888888888889,0.9411764705882353,1.0,0.8888888888888888,718.625
54,FMNIST,MMDEW_nys,$\alpha = 0.001$,1701.6198180675506,90.0,0.9470588235294117,1.0,0.9,"[7000, 14000, 21000, 28000, 35000, 42000, 49000, 56000, 63000]","[7167, 13311, 21503, 27647, 34815, 41983, 50175, 56063, 62975]","[7915, 14714, 22325, 29171, 35498, 42993, 55932, 56211, 63142]",1836.0885515213013,100.0,1.0,1.0,1.0,1433.4444444444443
55,FMNIST,MMDEW_nys,$\alpha = 0.001$,1701.6198180675506,90.0,0.9470588235294117,1.0,0.9,"[7000, 14000, 21000, 28000, 35000, 42000, 49000, 56000, 63000]","[7167, 13311, 21503, 27647, 34815, 41983, 56063, 62975]","[7790, 14603, 22400, 29114, 35703, 42880, 56211, 63118]",1736.6263110637665,88.88888888888889,0.9411764705882353,1.0,0.8888888888888888,727.375
56,FMNIST,MMDEW_nys,$\alpha = 0.001$,1701.6198180675506,90.0,0.9470588235294117,1.0,0.9,"[7000, 14000, 21000, 28000, 35000, 42000, 49000, 56000, 63000]","[7167, 14335, 20479, 28671, 34815, 41983, 56063, 62975]","[7671, 14686, 22104, 29623, 35503, 42733, 56242, 63114]",1632.055480003357,88.88888888888889,0.9411764705882353,1.0,0.8888888888888888,709.5
57,FMNIST,MMDEW_nys,$\alpha = 0.001$,1701.6198180675506,90.0,0.9470588235294117,1.0,0.9,"[7000, 14000, 21000, 28000, 35000, 42000, 49000, 56000, 63000]","[7167, 14335, 20479, 28671, 34815, 41983, 56063, 62975]","[7699, 14622, 21907, 29822, 35547, 42827, 56211, 63141]",1660.4565279483795,88.88888888888889,0.9411764705882353,1.0,0.8888888888888888,722.0
58,FMNIST,MMDEW_nys,$\alpha = 0.001$,1701.6198180675506,90.0,0.9470588235294117,1.0,0.9,"[7000, 14000, 21000, 28000, 35000, 42000, 49000, 56000, 63000]","[7167, 14335, 20479, 28671, 34815, 41983, 56063, 62975]","[7677, 14652, 21947, 29435, 35579, 42767, 56207, 63095]",1682.461983680725,88.88888888888889,0.9411764705882353,1.0,0.8888888888888888,669.875
59,FMNIST,MMDEW_nys,$\alpha = 0.001$,1701.6198180675506,90.0,0.9470588235294117,1.0,0.9,"[7000, 14000, 21000, 28000, 35000, 42000, 49000, 56000, 63000]","[7167, 14335, 20479, 28671, 34815, 41983, 56063, 62975]","[7862, 14633, 21889, 29550, 35561, 42918, 56228, 63119]",1669.2457122802734,88.88888888888889,0.9411764705882353,1.0,0.8888888888888888,720.0
60,FMNIST,NewMA,"$wsize=200, forget_factor=0.07, thresholding_quantile=0.999$",321.93535220623016,175.55555555555557,0.5264928774928775,0.4169392453951278,0.7222222222222222,"[7000, 14000, 21000, 28000, 35000, 42000, 49000, 56000, 63000]",[],"[6607, 7002, 8139, 8759, 9901, 10826, 14001, 15145, 16873, 34449, 36417, 54627, 56797, 58037, 60131, 69814]",315.9177510738373,177.77777777777777,0.56,0.4375,0.7777777777777778,3015.285714285714
61,FMNIST,NewMA,"$wsize=200, forget_factor=0.07, thresholding_quantile=0.999$",321.93535220623016,175.55555555555557,0.5264928774928775,0.4169392453951278,0.7222222222222222,"[7000, 14000, 21000, 28000, 35000, 42000, 49000, 56000, 63000]",[],"[6607, 7002, 8139, 8759, 9901, 10826, 14001, 15145, 34449, 36417, 54627, 56797, 58037, 60131, 69814]",375.0689561367035,166.66666666666669,0.5833333333333334,0.4666666666666667,0.7777777777777778,3015.285714285714
62,FMNIST,NewMA,"$wsize=200, forget_factor=0.07, thresholding_quantile=0.999$",321.93535220623016,175.55555555555557,0.5264928774928775,0.4169392453951278,0.7222222222222222,"[7000, 14000, 21000, 28000, 35000, 42000, 49000, 56000, 63000]",[],"[6607, 7002, 8759, 14001, 15145, 34449, 36417, 56797, 58037, 60131, 69814]",303.9241826534271,122.22222222222223,0.6,0.5454545454545454,0.6666666666666666,2580.0
63,FMNIST,NewMA,"$wsize=200, forget_factor=0.07, thresholding_quantile=0.999$",321.93535220623016,175.55555555555557,0.5264928774928775,0.4169392453951278,0.7222222222222222,"[7000, 14000, 21000, 28000, 35000, 42000, 49000, 56000, 63000]",[],"[6607, 7002, 8139, 8759, 9901, 10826, 14001, 15145, 16873, 30088, 34449, 36417, 54627, 56797, 58037, 60131, 66266, 69814]",278.0052621364593,200.0,0.5185185185185185,0.3888888888888889,0.7777777777777778,1885.4285714285713
64,FMNIST,NewMA,"$wsize=200, forget_factor=0.07, thresholding_quantile=0.999$",321.93535220623016,175.55555555555557,0.5264928774928775,0.4169392453951278,0.7222222222222222,"[7000, 14000, 21000, 28000, 35000, 42000, 49000, 56000, 63000]",[],"[4739, 6607, 7002, 8139, 8759, 10826, 14001, 15145, 30088, 34449, 36417, 56797, 58037, 60131, 66266, 69814]",301.78696393966675,177.77777777777777,0.4800000000000001,0.375,0.6666666666666666,1261.8333333333333
65,FMNIST,NewMA,"$wsize=200, forget_factor=0.07, thresholding_quantile=0.999$",321.93535220623016,175.55555555555557,0.5264928774928775,0.4169392453951278,0.7222222222222222,"[7000, 14000, 21000, 28000, 35000, 42000, 49000, 56000, 63000]",[],"[6607, 7002, 8139, 8759, 9901, 10826, 14001, 15145, 30088, 34449, 35361, 36417, 56797, 58037, 60131, 66266, 69814]",348.9396862983704,188.88888888888889,0.46153846153846156,0.35294117647058826,0.6666666666666666,1085.8333333333333
66,FMNIST,NewMA,"$wsize=200, forget_factor=0.07, thresholding_quantile=0.999$",321.93535220623016,175.55555555555557,0.5264928774928775,0.4169392453951278,0.7222222222222222,"[7000, 14000, 21000, 28000, 35000, 42000, 49000, 56000, 63000]",[],"[6607, 7002, 8139, 8759, 9901, 10826, 14001, 15145, 16873, 34449, 35361, 36417, 56797, 58037, 60131, 66266, 69814]",298.7987670898437,188.88888888888889,0.46153846153846156,0.35294117647058826,0.6666666666666666,1812.6666666666667
67,FMNIST,NewMA,"$wsize=200, forget_factor=0.07, thresholding_quantile=0.999$",321.93535220623016,175.55555555555557,0.5264928774928775,0.4169392453951278,0.7222222222222222,"[7000, 14000, 21000, 28000, 35000, 42000, 49000, 56000, 63000]",[],"[6607, 7002, 8139, 8759, 9901, 10826, 11826, 14001, 15145, 34449, 36417, 54627, 56797, 58037, 60131, 69814]",333.8313226699829,177.77777777777777,0.56,0.4375,0.7777777777777778,3015.285714285714
68,FMNIST,NewMA,"$wsize=200, forget_factor=0.07, thresholding_quantile=0.999$",321.93535220623016,175.55555555555557,0.5264928774928775,0.4169392453951278,0.7222222222222222,"[7000, 14000, 21000, 28000, 35000, 42000, 49000, 56000, 63000]",[],"[4739, 6607, 7002, 8139, 8759, 9901, 10826, 14001, 15145, 34449, 35361, 36417, 56797, 58037, 60131, 69814]",324.46321535110474,177.77777777777777,0.4800000000000001,0.375,0.6666666666666666,2404.0
69,FMNIST,NewMA,"$wsize=200, forget_factor=0.07, thresholding_quantile=0.999$",321.93535220623016,175.55555555555557,0.5264928774928775,0.4169392453951278,0.7222222222222222,"[7000, 14000, 21000, 28000, 35000, 42000, 49000, 56000, 63000]",[],"[4739, 6607, 7002, 8139, 8759, 9901, 10826, 14001, 15145, 34449, 36417, 54627, 56797, 58037, 60131, 69814]",338.6174147129059,177.77777777777777,0.56,0.4375,0.7777777777777778,3015.285714285714
70,FMNIST,ScanB,"$wsize = 300, numw = 3, thresholding_quantile=0.999, forget_factor=0.04$",4318.382854962349,155.55555555555557,0.5217391304347826,0.42857142857142855,0.6666666666666666,"[7000, 14000, 21000, 28000, 35000, 42000, 49000, 56000, 63000]",[],"[4888, 10897, 10898, 16000, 17117, 32149, 32151, 33149, 45161, 47629, 56007, 63005, 63008, 63009]",4449.608094453812,155.55555555555557,0.5217391304347826,0.42857142857142855,0.6666666666666666,2203.1666666666665
71,FMNIST,ScanB,"$wsize = 300, numw = 3, thresholding_quantile=0.999, forget_factor=0.04$",4318.382854962349,155.55555555555557,0.5217391304347826,0.42857142857142855,0.6666666666666666,"[7000, 14000, 21000, 28000, 35000, 42000, 49000, 56000, 63000]",[],"[4888, 10897, 10898, 16000, 17117, 32149, 32151, 33149, 45161, 47629, 56007, 63005, 63008, 63009]",4332.086097240448,155.55555555555557,0.5217391304347826,0.42857142857142855,0.6666666666666666,2203.1666666666665
72,FMNIST,ScanB,"$wsize = 300, numw = 3, thresholding_quantile=0.999, forget_factor=0.04$",4318.382854962349,155.55555555555557,0.5217391304347826,0.42857142857142855,0.6666666666666666,"[7000, 14000, 21000, 28000, 35000, 42000, 49000, 56000, 63000]",[],"[4888, 10897, 10898, 16000, 17117, 32149, 32151, 33149, 45161, 47629, 56007, 63005, 63008, 63009]",4548.441608667374,155.55555555555557,0.5217391304347826,0.42857142857142855,0.6666666666666666,2203.1666666666665
73,FMNIST,ScanB,"$wsize = 300, numw = 3, thresholding_quantile=0.999, forget_factor=0.04$",4318.382854962349,155.55555555555557,0.5217391304347826,0.42857142857142855,0.6666666666666666,"[7000, 14000, 21000, 28000, 35000, 42000, 49000, 56000, 63000]",[],"[4888, 10897, 10898, 16000, 17117, 32149, 32151, 33149, 45161, 47629, 56007, 63005, 63008, 63009]",4197.93457198143,155.55555555555557,0.5217391304347826,0.42857142857142855,0.6666666666666666,2203.1666666666665
74,FMNIST,ScanB,"$wsize = 300, numw = 3, thresholding_quantile=0.999, forget_factor=0.04$",4318.382854962349,155.55555555555557,0.5217391304347826,0.42857142857142855,0.6666666666666666,"[7000, 14000, 21000, 28000, 35000, 42000, 49000, 56000, 63000]",[],"[4888, 10897, 10898, 16000, 17117, 32149, 32151, 33149, 45161, 47629, 56007, 63005, 63008, 63009]",4336.16862821579,155.55555555555557,0.5217391304347826,0.42857142857142855,0.6666666666666666,2203.1666666666665
75,FMNIST,ScanB,"$wsize = 300, numw = 3, thresholding_quantile=0.999, forget_factor=0.04$",4318.382854962349,155.55555555555557,0.5217391304347826,0.42857142857142855,0.6666666666666666,"[7000, 14000, 21000, 28000, 35000, 42000, 49000, 56000, 63000]",[],"[4888, 10897, 10898, 16000, 17117, 32149, 32151, 33149, 45161, 47629, 56007, 63005, 63008, 63009]",4297.475550889969,155.55555555555557,0.5217391304347826,0.42857142857142855,0.6666666666666666,2203.1666666666665
76,FMNIST,ScanB,"$wsize = 300, numw = 3, thresholding_quantile=0.999, forget_factor=0.04$",4318.382854962349,155.55555555555557,0.5217391304347826,0.42857142857142855,0.6666666666666666,"[7000, 14000, 21000, 28000, 35000, 42000, 49000, 56000, 63000]",[],"[4888, 10897, 10898, 16000, 17117, 32149, 32151, 33149, 45161, 47629, 56007, 63005, 63008, 63009]",4314.73509812355,155.55555555555557,0.5217391304347826,0.42857142857142855,0.6666666666666666,2203.1666666666665
77,FMNIST,ScanB,"$wsize = 300, numw = 3, thresholding_quantile=0.999, forget_factor=0.04$",4318.382854962349,155.55555555555557,0.5217391304347826,0.42857142857142855,0.6666666666666666,"[7000, 14000, 21000, 28000, 35000, 42000, 49000, 56000, 63000]",[],"[4888, 10897, 10898, 16000, 17117, 32149, 32151, 33149, 45161, 47629, 56007, 63005, 63008, 63009]",4460.438135385513,155.55555555555557,0.5217391304347826,0.42857142857142855,0.6666666666666666,2203.1666666666665
78,FMNIST,ScanB,"$wsize = 300, numw = 3, thresholding_quantile=0.999, forget_factor=0.04$",4318.382854962349,155.55555555555557,0.5217391304347826,0.42857142857142855,0.6666666666666666,"[7000, 14000, 21000, 28000, 35000, 42000, 49000, 56000, 63000]",[],"[4888, 10897, 10898, 16000, 17117, 32149, 32151, 33149, 45161, 47629, 56007, 63005, 63008, 63009]",4213.947496175766,155.55555555555557,0.5217391304347826,0.42857142857142855,0.6666666666666666,2203.1666666666665
79,FMNIST,ScanB,"$wsize = 300, numw = 3, thresholding_quantile=0.999, forget_factor=0.04$",4318.382854962349,155.55555555555557,0.5217391304347826,0.42857142857142855,0.6666666666666666,"[7000, 14000, 21000, 28000, 35000, 42000, 49000, 56000, 63000]",[],"[4888, 10897, 10898, 16000, 17117, 32149, 32151, 33149, 45161, 47629, 56007, 63005, 63008, 63009]",4032.9932684898376,155.55555555555557,0.5217391304347826,0.42857142857142855,0.6666666666666666,2203.1666666666665
80,Gas,MMDEW,$\alpha = 1e-20$,110.43105809688568,158.0,0.7765567765567766,0.6359126984126984,1.0,"[2565, 4501, 7510, 9343, 10984]","[1606938044258990275541962092341162602522202993782792835301375, 3213876088517980551083924184682325205044405987565585670602751, 4820814132776970826625886277023487807566608981348378505904127, 8034690221294951377709810461705813012611014968913964176506879, 9641628265553941653251772554046975615133217962696757011808255, 11248566309812931928793734646388138217655420956479549847109631, 12855504354071922204335696738729300820177623950262342682411007, 14462442398330912479877658831070463422699826944045135517712383]","[3026, 4781, 4862, 6340, 6632, 7843, 10270, 12112]",109.22687005996704,160.0,0.7692307692307693,0.625,1.0,625.8
81,Gas,MMDEW,$\alpha = 1e-20$,110.43105809688568,158.0,0.7765567765567766,0.6359126984126984,1.0,"[2565, 4501, 7510, 9343, 10984]","[1606938044258990275541962092341162602522202993782792835301375, 3213876088517980551083924184682325205044405987565585670602751, 4820814132776970826625886277023487807566608981348378505904127, 8034690221294951377709810461705813012611014968913964176506879, 9641628265553941653251772554046975615133217962696757011808255, 11248566309812931928793734646388138217655420956479549847109631, 12855504354071922204335696738729300820177623950262342682411007, 14462442398330912479877658831070463422699826944045135517712383]","[3211, 4880, 4881, 6338, 6625, 7997, 10194, 12112]",105.06120371818542,160.0,0.7692307692307693,0.625,1.0,698.2
82,Gas,MMDEW,$\alpha = 1e-20$,110.43105809688568,158.0,0.7765567765567766,0.6359126984126984,1.0,"[2565, 4501, 7510, 9343, 10984]","[1606938044258990275541962092341162602522202993782792835301375, 3213876088517980551083924184682325205044405987565585670602751, 4820814132776970826625886277023487807566608981348378505904127, 8034690221294951377709810461705813012611014968913964176506879, 9641628265553941653251772554046975615133217962696757011808255, 11248566309812931928793734646388138217655420956479549847109631, 12855504354071922204335696738729300820177623950262342682411007, 14462442398330912479877658831070463422699826944045135517712383]","[3334, 4728, 4860, 6341, 6628, 8016, 10193, 12143]",109.001624584198,160.0,0.7692307692307693,0.625,1.0,702.2
83,Gas,MMDEW,$\alpha = 1e-20$,110.43105809688568,158.0,0.7765567765567766,0.6359126984126984,1.0,"[2565, 4501, 7510, 9343, 10984]","[1606938044258990275541962092341162602522202993782792835301375, 3213876088517980551083924184682325205044405987565585670602751, 4820814132776970826625886277023487807566608981348378505904127, 8034690221294951377709810461705813012611014968913964176506879, 9641628265553941653251772554046975615133217962696757011808255, 11248566309812931928793734646388138217655420956479549847109631, 12855504354071922204335696738729300820177623950262342682411007, 14462442398330912479877658831070463422699826944045135517712383]","[3536, 4759, 4866, 6342, 6632, 7827, 10297, 12128]",113.45074915885924,160.0,0.7692307692307693,0.625,1.0,728.8
84,Gas,MMDEW,$\alpha = 1e-20$,110.43105809688568,158.0,0.7765567765567766,0.6359126984126984,1.0,"[2565, 4501, 7510, 9343, 10984]","[1606938044258990275541962092341162602522202993782792835301375, 3213876088517980551083924184682325205044405987565585670602751, 4820814132776970826625886277023487807566608981348378505904127, 8034690221294951377709810461705813012611014968913964176506879, 9641628265553941653251772554046975615133217962696757011808255, 11248566309812931928793734646388138217655420956479549847109631, 12855504354071922204335696738729300820177623950262342682411007, 14462442398330912479877658831070463422699826944045135517712383]","[3371, 4776, 4865, 6338, 6631, 7889, 10217, 12123]",111.47466444969176,160.0,0.7692307692307693,0.625,1.0,694.6
85,Gas,MMDEW,$\alpha = 1e-20$,110.43105809688568,158.0,0.7765567765567766,0.6359126984126984,1.0,"[2565, 4501, 7510, 9343, 10984]","[1606938044258990275541962092341162602522202993782792835301375, 3213876088517980551083924184682325205044405987565585670602751, 6427752177035961102167848369364650410088811975131171341205503, 9641628265553941653251772554046975615133217962696757011808255, 11248566309812931928793734646388138217655420956479549847109631, 12855504354071922204335696738729300820177623950262342682411007, 14462442398330912479877658831070463422699826944045135517712383, 16069380442589902755419620923411626025222029937827928353013759]","[3546, 4087, 4895, 6343, 6633, 7834, 10190, 12111]",116.94878101348876,160.0,0.7692307692307693,0.625,1.0,734.6
86,Gas,MMDEW,$\alpha = 1e-20$,110.43105809688568,158.0,0.7765567765567766,0.6359126984126984,1.0,"[2565, 4501, 7510, 9343, 10984]","[1606938044258990275541962092341162602522202993782792835301375, 3213876088517980551083924184682325205044405987565585670602751, 4820814132776970826625886277023487807566608981348378505904127, 6427752177035961102167848369364650410088811975131171341205503, 8034690221294951377709810461705813012611014968913964176506879, 9641628265553941653251772554046975615133217962696757011808255, 11248566309812931928793734646388138217655420956479549847109631, 12855504354071922204335696738729300820177623950262342682411007, 14462442398330912479877658831070463422699826944045135517712383]","[3571, 4767, 4866, 6329, 6368, 6631, 7791, 10223, 12127]",111.6389570236206,180.0,0.7142857142857143,0.5555555555555556,1.0,715.2
87,Gas,MMDEW,$\alpha = 1e-20$,110.43105809688568,158.0,0.7765567765567766,0.6359126984126984,1.0,"[2565, 4501, 7510, 9343, 10984]","[1606938044258990275541962092341162602522202993782792835301375, 4820814132776970826625886277023487807566608981348378505904127, 8034690221294951377709810461705813012611014968913964176506879, 9641628265553941653251772554046975615133217962696757011808255, 11248566309812931928793734646388138217655420956479549847109631, 12855504354071922204335696738729300820177623950262342682411007, 14462442398330912479877658831070463422699826944045135517712383]","[3701, 4919, 6340, 6631, 7955, 10113, 12117]",110.64522075653076,140.0,0.8333333333333333,0.7142857142857143,1.0,780.4
88,Gas,MMDEW,$\alpha = 1e-20$,110.43105809688568,158.0,0.7765567765567766,0.6359126984126984,1.0,"[2565, 4501, 7510, 9343, 10984]","[1606938044258990275541962092341162602522202993782792835301375, 4820814132776970826625886277023487807566608981348378505904127, 8034690221294951377709810461705813012611014968913964176506879, 9641628265553941653251772554046975615133217962696757011808255, 11248566309812931928793734646388138217655420956479549847109631, 12855504354071922204335696738729300820177623950262342682411007, 14462442398330912479877658831070463422699826944045135517712383]","[3494, 4925, 6339, 6631, 7856, 10193, 12128]",107.27910232543944,140.0,0.8333333333333333,0.7142857142857143,1.0,738.6
89,Gas,MMDEW,$\alpha = 1e-20$,110.43105809688568,158.0,0.7765567765567766,0.6359126984126984,1.0,"[2565, 4501, 7510, 9343, 10984]","[1606938044258990275541962092341162602522202993782792835301375, 3213876088517980551083924184682325205044405987565585670602751, 4820814132776970826625886277023487807566608981348378505904127, 8034690221294951377709810461705813012611014968913964176506879, 9641628265553941653251772554046975615133217962696757011808255, 11248566309812931928793734646388138217655420956479549847109631, 12855504354071922204335696738729300820177623950262342682411007, 14462442398330912479877658831070463422699826944045135517712383]","[3861, 4737, 4863, 6342, 6627, 7915, 10100, 12115]",109.58340787887572,160.0,0.7692307692307693,0.625,1.0,765.0
90,Gas,MMDEW_nys,$\alpha = 1e-10$,70.8458333492279,102.0,0.673939393939394,0.6716666666666666,0.6799999999999999,"[2926, 5935, 8500, 10333, 11974]","[2943, 3199, 5247, 8319, 10367]","[3060, 3455, 6510, 8868, 11088]",72.53630232810974,100.0,0.8000000000000002,0.8,0.8,458.0
91,Gas,MMDEW_nys,$\alpha = 1e-10$,70.8458333492279,102.0,0.673939393939394,0.6716666666666666,0.6799999999999999,"[2926, 5935, 8500, 10333, 11974]","[3071, 4607, 6143, 8703]","[3154, 4832, 6484, 8951]",71.91483306884766,80.0,0.6666666666666665,0.75,0.6,409.3333333333333
92,Gas,MMDEW_nys,$\alpha = 1e-10$,70.8458333492279,102.0,0.673939393939394,0.6716666666666666,0.6799999999999999,"[2926, 5935, 8500, 10333, 11974]","[2943, 4479, 6015, 7039, 8063]","[3069, 4819, 6336, 7351, 8797]",69.58541536331177,100.0,0.6,0.6,0.6,280.3333333333333
93,Gas,MMDEW_nys,$\alpha = 1e-10$,70.8458333492279,102.0,0.673939393939394,0.6716666666666666,0.6799999999999999,"[2926, 5935, 8500, 10333, 11974]","[2047, 2943, 3199, 5247, 8319, 10367]","[2583, 3067, 3352, 5612, 8939, 11100]",67.90021681785583,120.0,0.5454545454545454,0.5,0.6,449.0
94,Gas,MMDEW_nys,$\alpha = 1e-10$,70.8458333492279,102.0,0.673939393939394,0.6716666666666666,0.6799999999999999,"[2926, 5935, 8500, 10333, 11974]","[2943, 4479, 6015, 7039, 8575, 10623]","[3071, 4800, 6292, 7415, 8784, 12425]",68.25719833374023,120.0,0.7272727272727272,0.6666666666666666,0.8,309.25
95,Gas,MMDEW_nys,$\alpha = 1e-10$,70.8458333492279,102.0,0.673939393939394,0.6716666666666666,0.6799999999999999,"[2926, 5935, 8500, 10333, 11974]","[2943, 4479, 6015, 7039, 8575]","[3066, 4792, 6289, 7325, 8813]",70.55025219917297,100.0,0.6,0.6,0.6,269.0
96,Gas,MMDEW_nys,$\alpha = 1e-10$,70.8458333492279,102.0,0.673939393939394,0.6716666666666666,0.6799999999999999,"[2926, 5935, 8500, 10333, 11974]","[3071, 6143, 7167, 8191, 10239]","[3148, 6464, 7424, 8852, 11240]",71.1491768360138,100.0,0.8000000000000002,0.8,0.8,502.5
97,Gas,MMDEW_nys,$\alpha = 1e-10$,70.8458333492279,102.0,0.673939393939394,0.6716666666666666,0.6799999999999999,"[2926, 5935, 8500, 10333, 11974]","[3071, 6143, 7167, 8191, 10239]","[3152, 6463, 7385, 8866, 11821]",70.46505093574524,100.0,0.8000000000000002,0.8,0.8,652.0
98,Gas,MMDEW_nys,$\alpha = 1e-10$,70.8458333492279,102.0,0.673939393939394,0.6716666666666666,0.6799999999999999,"[2926, 5935, 8500, 10333, 11974]","[2943, 4479, 6015, 7039, 8063]","[3071, 4814, 6349, 7341, 8772]",72.62605619430542,100.0,0.6,0.6,0.6,277.0
99,Gas,MMDEW_nys,$\alpha = 1e-10$,70.8458333492279,102.0,0.673939393939394,0.6716666666666666,0.6799999999999999,"[2926, 5935, 8500, 10333, 11974]","[2943, 4479, 6015, 7039, 8063]","[3069, 4864, 6336, 7315, 8781]",73.47383141517639,100.0,0.6,0.6,0.6,275.0
100,Gas,NewMA,"$wsize=20, forget_factor=0.07, thresholding_quantile=0.999$",1.2529551029205321,386.0,0.4158009618993601,0.26349313666247304,1.0,"[2565, 4501, 7510, 9343, 10984]",[],"[2355, 4378, 4504, 5138, 5458, 6378, 6379, 7708, 8409, 8575, 8986, 10707, 10802, 12958]",1.305677890777588,280.0,0.5263157894736842,0.35714285714285715,1.0,1070.4
101,Gas,NewMA,"$wsize=20, forget_factor=0.07, thresholding_quantile=0.999$",1.2529551029205321,386.0,0.4158009618993601,0.26349313666247304,1.0,"[2565, 4501, 7510, 9343, 10984]",[],"[1707, 2355, 2648, 2649, 4378, 4502, 4504, 4621, 4622, 5138, 5458, 6378, 6379, 6733, 7708, 8409, 8718, 8985, 8986, 9344, 10802, 12779, 12780]",1.125035285949707,459.99999999999994,0.3571428571428571,0.21739130434782608,1.0,415.6
102,Gas,NewMA,"$wsize=20, forget_factor=0.07, thresholding_quantile=0.999$",1.2529551029205321,386.0,0.4158009618993601,0.26349313666247304,1.0,"[2565, 4501, 7510, 9343, 10984]",[],"[1707, 2355, 2648, 4378, 4502, 4504, 5138, 5458, 6378, 6379, 6602, 8409, 8575, 8985, 8986, 10707, 10802, 12779, 12780, 12958]",1.104222059249878,400.0,0.4,0.25,1.0,828.4
103,Gas,NewMA,"$wsize=20, forget_factor=0.07, thresholding_quantile=0.999$",1.2529551029205321,386.0,0.4158009618993601,0.26349313666247304,1.0,"[2565, 4501, 7510, 9343, 10984]",[],"[1707, 2355, 4313, 4378, 4504, 4621, 4622, 5138, 5458, 6378, 6379, 6733, 8409, 8575, 8986, 10707, 10802, 11919, 12779]",1.1403594017028809,380.0,0.4166666666666667,0.2631578947368421,1.0,989.8
104,Gas,NewMA,"$wsize=20, forget_factor=0.07, thresholding_quantile=0.999$",1.2529551029205321,386.0,0.4158009618993601,0.26349313666247304,1.0,"[2565, 4501, 7510, 9343, 10984]",[],"[1707, 2355, 2648, 4502, 4504, 4621, 4622, 5138, 5458, 6378, 6379, 6602, 6733, 7708, 8409, 8985, 8986, 10609, 10802, 11919, 12779]",1.1405091285705566,420.0,0.3846153846153846,0.23809523809523808,1.0,496.6
105,Gas,NewMA,"$wsize=20, forget_factor=0.07, thresholding_quantile=0.999$",1.2529551029205321,386.0,0.4158009618993601,0.26349313666247304,1.0,"[2565, 4501, 7510, 9343, 10984]",[],"[2355, 2648, 4378, 4502, 4504, 4622, 5138, 5458, 6378, 6379, 8409, 8574, 8575, 8985, 8986, 10707, 10802, 11919, 12779]",1.129640817642212,380.0,0.4166666666666667,0.2631578947368421,1.0,656.4
106,Gas,NewMA,"$wsize=20, forget_factor=0.07, thresholding_quantile=0.999$",1.2529551029205321,386.0,0.4158009618993601,0.26349313666247304,1.0,"[2565, 4501, 7510, 9343, 10984]",[],"[1707, 2355, 2648, 4378, 4502, 4504, 4622, 5458, 6378, 6379, 6602, 8409, 8575, 8986, 8987, 10707, 10802, 12779, 12780]",1.2796087265014648,380.0,0.4166666666666667,0.2631578947368421,1.0,828.4
107,Gas,NewMA,"$wsize=20, forget_factor=0.07, thresholding_quantile=0.999$",1.2529551029205321,386.0,0.4158009618993601,0.26349313666247304,1.0,"[2565, 4501, 7510, 9343, 10984]",[],"[1707, 2355, 3076, 4378, 4504, 4622, 5138, 5458, 6378, 6379, 6733, 7708, 8409, 8575, 10707, 10802, 11919, 12779]",1.021543025970459,360.0,0.4347826086956522,0.2777777777777778,1.0,602.2
108,Gas,NewMA,"$wsize=20, forget_factor=0.07, thresholding_quantile=0.999$",1.2529551029205321,386.0,0.4158009618993601,0.26349313666247304,1.0,"[2565, 4501, 7510, 9343, 10984]",[],"[2355, 4378, 4504, 4621, 4622, 5138, 5458, 6379, 6733, 7708, 8409, 8574, 8575, 8986, 10707, 10802, 12779, 12958]",1.135106325149536,360.0,0.4347826086956522,0.2777777777777778,1.0,1034.6
109,Gas,NewMA,"$wsize=20, forget_factor=0.07, thresholding_quantile=0.999$",1.2529551029205321,386.0,0.4158009618993601,0.26349313666247304,1.0,"[2565, 4501, 7510, 9343, 10984]",[],"[1707, 2648, 4378, 4504, 4622, 5138, 5458, 6378, 6379, 6733, 7708, 8409, 8575, 8718, 8985, 8986, 9344, 10802, 12779, 12780, 12957, 12958]",2.14784836769104,440.00000000000006,0.37037037037037035,0.22727272727272727,1.0,416.0
110,Gas,ScanB,"$wsize = 100, numw = 5, thresholding_quantile=0.99, forget_factor=0.06$",78.43015508651733,400.0,0.4,0.25,1.0,"[2565, 4501, 7510, 9343, 10984]",[],"[4294, 4295, 4531, 5825, 5826, 5827, 8420, 8421, 10076, 10381, 10382, 11555, 11556, 11986, 12006, 12010, 12013, 12029, 12030, 12031]",84.09907174110413,400.0,0.4,0.25,1.0,794.6
111,Gas,ScanB,"$wsize = 100, numw = 5, thresholding_quantile=0.99, forget_factor=0.06$",78.43015508651733,400.0,0.4,0.25,1.0,"[2565, 4501, 7510, 9343, 10984]",[],"[4294, 4295, 4531, 5825, 5826, 5827, 8420, 8421, 10076, 10381, 10382, 11555, 11556, 11986, 12006, 12010, 12013, 12029, 12030, 12031]",74.68416690826416,400.0,0.4,0.25,1.0,794.6
112,Gas,ScanB,"$wsize = 100, numw = 5, thresholding_quantile=0.99, forget_factor=0.06$",78.43015508651733,400.0,0.4,0.25,1.0,"[2565, 4501, 7510, 9343, 10984]",[],"[4294, 4295, 4531, 5825, 5826, 5827, 8420, 8421, 10076, 10381, 10382, 11555, 11556, 11986, 12006, 12010, 12013, 12029, 12030, 12031]",79.75367188453674,400.0,0.4,0.25,1.0,794.6
113,Gas,ScanB,"$wsize = 100, numw = 5, thresholding_quantile=0.99, forget_factor=0.06$",78.43015508651733,400.0,0.4,0.25,1.0,"[2565, 4501, 7510, 9343, 10984]",[],"[4294, 4295, 4531, 5825, 5826, 5827, 8420, 8421, 10076, 10381, 10382, 11555, 11556, 11986, 12006, 12010, 12013, 12029, 12030, 12031]",80.40038442611694,400.0,0.4,0.25,1.0,794.6
114,Gas,ScanB,"$wsize = 100, numw = 5, thresholding_quantile=0.99, forget_factor=0.06$",78.43015508651733,400.0,0.4,0.25,1.0,"[2565, 4501, 7510, 9343, 10984]",[],"[4294, 4295, 4531, 5825, 5826, 5827, 8420, 8421, 10076, 10381, 10382, 11555, 11556, 11986, 12006, 12010, 12013, 12029, 12030, 12031]",76.75636315345764,400.0,0.4,0.25,1.0,794.6
115,Gas,ScanB,"$wsize = 100, numw = 5, thresholding_quantile=0.99, forget_factor=0.06$",78.43015508651733,400.0,0.4,0.25,1.0,"[2565, 4501, 7510, 9343, 10984]",[],"[4294, 4295, 4531, 5825, 5826, 5827, 8420, 8421, 10076, 10381, 10382, 11555, 11556, 11986, 12006, 12010, 12013, 12029, 12030, 12031]",79.24192500114441,400.0,0.4,0.25,1.0,794.6
116,Gas,ScanB,"$wsize = 100, numw = 5, thresholding_quantile=0.99, forget_factor=0.06$",78.43015508651733,400.0,0.4,0.25,1.0,"[2565, 4501, 7510, 9343, 10984]",[],"[4294, 4295, 4531, 5825, 5826, 5827, 8420, 8421, 10076, 10381, 10382, 11555, 11556, 11986, 12006, 12010, 12013, 12029, 12030, 12031]",74.29256677627563,400.0,0.4,0.25,1.0,794.6
117,Gas,ScanB,"$wsize = 100, numw = 5, thresholding_quantile=0.99, forget_factor=0.06$",78.43015508651733,400.0,0.4,0.25,1.0,"[2565, 4501, 7510, 9343, 10984]",[],"[4294, 4295, 4531, 5825, 5826, 5827, 8420, 8421, 10076, 10381, 10382, 11555, 11556, 11986, 12006, 12010, 12013, 12029, 12030, 12031]",78.85661721229553,400.0,0.4,0.25,1.0,794.6
118,Gas,ScanB,"$wsize = 100, numw = 5, thresholding_quantile=0.99, forget_factor=0.06$",78.43015508651733,400.0,0.4,0.25,1.0,"[2565, 4501, 7510, 9343, 10984]",[],"[4294, 4295, 4531, 5825, 5826, 5827, 8420, 8421, 10076, 10381, 10382, 11555, 11556, 11986, 12006, 12010, 12013, 12029, 12030, 12031]",77.39858841896057,400.0,0.4,0.25,1.0,794.6
119,Gas,ScanB,"$wsize = 100, numw = 5, thresholding_quantile=0.99, forget_factor=0.06$",78.43015508651733,400.0,0.4,0.25,1.0,"[2565, 4501, 7510, 9343, 10984]",[],"[4294, 4295, 4531, 5825, 5826, 5827, 8420, 8421, 10076, 10381, 10382, 11555, 11556, 11986, 12006, 12010, 12013, 12029, 12030, 12031]",78.81819534301758,400.0,0.4,0.25,1.0,794.6
120,HAR,MMDEW,$\alpha = 1e-08$,149.4313226699829,114.0,0.9363636363636363,0.8833333333333334,1.0,"[1906, 3312, 4856, 6800, 8522]","[4820814132776970826626226559390408746030072355955810274115583, 6427752177035961102168188651731571348552275349738603109416959, 8034690221294951377710150744072733951074478343521395944718335, 11248566309812931928794415211121980094582347705694413383532543, 16069380442589902755420641770512388840612420061650223657648127, 20890194575366873582046528047535876648179029042998602163552255]","[2001, 3799, 3899, 4958, 6911, 8663]",151.4761610031128,120.0,0.9090909090909091,0.8333333333333334,1.0,187.2
121,HAR,MMDEW,$\alpha = 1e-08$,149.4313226699829,114.0,0.9363636363636363,0.8833333333333334,1.0,"[1906, 3312, 4856, 6800, 8522]","[4820814132776970826626226559390408746030072355955810274115583, 6427752177035961102168188651731571348552275349738603109416959, 8034690221294951377710150744072733951074478343521395944718335, 11248566309812931928794415211121980094582347705694413383532543, 16069380442589902755420641770512388840612420061650223657648127, 20890194575366873582046528047535876648179029042998602163552255]","[2001, 3759, 4767, 4954, 6911, 8663]",142.3120152950287,120.0,0.9090909090909091,0.8333333333333334,1.0,178.4
122,HAR,MMDEW,$\alpha = 1e-08$,149.4313226699829,114.0,0.9363636363636363,0.8833333333333334,1.0,"[1906, 3312, 4856, 6800, 8522]","[4820814132776970826626226559390408746030072355955810274115583, 6427752177035961102168188651731571348552275349738603109416959, 8034690221294951377710150744072733951074478343521395944718335, 11248566309812931928794415211121980094582347705694413383532543, 12855504354071922204336377303463142697104550699477206218833919, 16069380442589902755420301488145467902148956687042791889436671]","[2001, 3910, 4926, 4954, 7014, 8645]",142.75984358787537,120.0,0.9090909090909091,0.8333333333333334,1.0,220.0
123,HAR,MMDEW,$\alpha = 1e-08$,149.4313226699829,114.0,0.9363636363636363,0.8833333333333334,1.0,"[1906, 3312, 4856, 6800, 8522]","[4820814132776970826626226559390408746030072355955810274115583, 6427752177035961102168188651731571348552275349738603109416959, 11248566309812931928794415211121980094582347705694413383532543, 16069380442589902755420641770512388840612420061650223657648127, 20890194575366873582046528047535876648179029042998602163552255]","[2001, 3881, 4960, 6911, 8664]",151.43008589744568,100.0,1.0,1.0,1.0,204.2
124,HAR,MMDEW,$\alpha = 1e-08$,149.4313226699829,114.0,0.9363636363636363,0.8833333333333334,1.0,"[1906, 3312, 4856, 6800, 8522]","[4820814132776970826626226559390408746030072355955810274115583, 6427752177035961102168188651731571348552275349738603109416959, 11248566309812931928794415211121980094582347705694413383532543, 12855504354071922204336377303463142697104550699477206218833919, 14462442398330912479878339395804305299626753693259999054135295, 16069380442589902755420301488145467902148956687042791889436671]","[2000, 3895, 4960, 7011, 8637, 8638]",153.13653349876404,120.0,0.9090909090909091,0.8333333333333334,1.0,221.4
125,HAR,MMDEW,$\alpha = 1e-08$,149.4313226699829,114.0,0.9363636363636363,0.8833333333333334,1.0,"[1906, 3312, 4856, 6800, 8522]","[4820814132776970826626226559390408746030072355955810274115583, 6427752177035961102168188651731571348552275349738603109416959, 11248566309812931928794415211121980094582347705694413383532543, 12855504354071922204336377303463142697104550699477206218833919, 16069380442589902755420301488145467902148956687042791889436671]","[2000, 3910, 4960, 7014, 8644]",149.22323203086853,100.0,1.0,1.0,1.0,226.4
126,HAR,MMDEW,$\alpha = 1e-08$,149.4313226699829,114.0,0.9363636363636363,0.8833333333333334,1.0,"[1906, 3312, 4856, 6800, 8522]","[4820814132776970826626226559390408746030072355955810274115583, 6427752177035961102168188651731571348552275349738603109416959, 8034690221294951377710150744072733951074478343521395944718335, 11248566309812931928794415211121980094582347705694413383532543, 12855504354071922204336377303463142697104550699477206218833919, 16069380442589902755420301488145467902148956687042791889436671]","[2000, 3939, 4811, 4954, 7014, 8644]",156.33470845222473,120.0,0.9090909090909091,0.8333333333333334,1.0,231.0
127,HAR,MMDEW,$\alpha = 1e-08$,149.4313226699829,114.0,0.9363636363636363,0.8833333333333334,1.0,"[1906, 3312, 4856, 6800, 8522]","[4820814132776970826626226559390408746030072355955810274115583, 6427752177035961102168188651731571348552275349738603109416959, 11248566309812931928794415211121980094582347705694413383532543, 16069380442589902755420641770512388840612420061650223657648127, 20890194575366873582046528047535876648179029042998602163552255]","[2001, 3941, 4960, 6911, 8663]",152.01026272773743,100.0,1.0,1.0,1.0,216.0
128,HAR,MMDEW,$\alpha = 1e-08$,149.4313226699829,114.0,0.9363636363636363,0.8833333333333334,1.0,"[1906, 3312, 4856, 6800, 8522]","[4820814132776970826626226559390408746030072355955810274115583, 6427752177035961102168188651731571348552275349738603109416959, 8034690221294951377710150744072733951074478343521395944718335, 11248566309812931928794415211121980094582347705694413383532543, 12855504354071922204336377303463142697104550699477206218833919, 16069380442589902755420301488145467902148956687042791889436671]","[2000, 3938, 4578, 4954, 7013, 8644]",145.94676876068115,120.0,0.9090909090909091,0.8333333333333334,1.0,230.6
129,HAR,MMDEW,$\alpha = 1e-08$,149.4313226699829,114.0,0.9363636363636363,0.8833333333333334,1.0,"[1906, 3312, 4856, 6800, 8522]","[4820814132776970826626226559390408746030072355955810274115583, 6427752177035961102168188651731571348552275349738603109416959, 8034690221294951377710150744072733951074478343521395944718335, 11248566309812931928794415211121980094582347705694413383532543, 16069380442589902755420641770512388840612420061650223657648127, 20890194575366873582046528047535876648179029042998602163552255]","[2001, 3947, 3966, 4958, 6911, 8663]",149.6836154460907,120.0,0.9090909090909091,0.8333333333333334,1.0,216.8
130,HAR,MMDEW_nys,$\alpha = 0.01$,71.30609147548675,64.0,0.7555555555555554,0.975,0.62,"[1722, 3266, 5210, 6987, 8893]","[3327, 5375, 8959]","[3566, 5949, 9181]",69.95557761192322,60.0,0.7499999999999999,1.0,0.6,442.3333333333333
131,HAR,MMDEW_nys,$\alpha = 0.01$,71.30609147548675,64.0,0.7555555555555554,0.975,0.62,"[1722, 3266, 5210, 6987, 8893]","[3327, 5375, 8959]","[3498, 5813, 9182]",68.4843978881836,60.0,0.7499999999999999,1.0,0.6,374.6666666666667
132,HAR,MMDEW_nys,$\alpha = 0.01$,71.30609147548675,64.0,0.7555555555555554,0.975,0.62,"[1722, 3266, 5210, 6987, 8893]","[3327, 5375, 7423, 8959]","[3567, 5773, 8191, 9207]",67.87897396087646,80.0,0.888888888888889,1.0,0.8,595.5
133,HAR,MMDEW_nys,$\alpha = 0.01$,71.30609147548675,64.0,0.7555555555555554,0.975,0.62,"[1722, 3266, 5210, 6987, 8893]","[3327, 5375, 8959]","[3501, 5982, 9148]",72.83198833465576,60.0,0.7499999999999999,1.0,0.6,420.6666666666667
134,HAR,MMDEW_nys,$\alpha = 0.01$,71.30609147548675,64.0,0.7555555555555554,0.975,0.62,"[1722, 3266, 5210, 6987, 8893]","[3327, 5375, 7423, 8959]","[3546, 5759, 9125, 9247]",71.55544066429138,80.0,0.6666666666666665,0.75,0.6,353.6666666666667
135,HAR,MMDEW_nys,$\alpha = 0.01$,71.30609147548675,64.0,0.7555555555555554,0.975,0.62,"[1722, 3266, 5210, 6987, 8893]","[3327, 5375, 8959]","[3518, 5722, 9143]",71.13895893096924,60.0,0.7499999999999999,1.0,0.6,338.0
136,HAR,MMDEW_nys,$\alpha = 0.01$,71.30609147548675,64.0,0.7555555555555554,0.975,0.62,"[1722, 3266, 5210, 6987, 8893]","[3327, 5375, 8959]","[3481, 5723, 9197]",73.41620755195618,60.0,0.7499999999999999,1.0,0.6,344.0
137,HAR,MMDEW_nys,$\alpha = 0.01$,71.30609147548675,64.0,0.7555555555555554,0.975,0.62,"[1722, 3266, 5210, 6987, 8893]","[3327, 5375, 8959]","[3541, 5874, 9197]",73.99477243423462,60.0,0.7499999999999999,1.0,0.6,414.3333333333333
138,HAR,MMDEW_nys,$\alpha = 0.01$,71.30609147548675,64.0,0.7555555555555554,0.975,0.62,"[1722, 3266, 5210, 6987, 8893]","[3327, 5375, 8959]","[3546, 5829, 9171]",69.73143744468689,60.0,0.7499999999999999,1.0,0.6,392.3333333333333
139,HAR,MMDEW_nys,$\alpha = 0.01$,71.30609147548675,64.0,0.7555555555555554,0.975,0.62,"[1722, 3266, 5210, 6987, 8893]","[3327, 5375, 8959]","[3533, 5887, 9188]",74.07315993309021,60.0,0.7499999999999999,1.0,0.6,413.0
140,HAR,NewMA,"$wsize=200, forget_factor=0.05, thresholding_quantile=0.999$",25.662347626686095,168.0,0.40343323343323345,0.32531746031746034,0.54,"[1906, 3312, 4856, 6800, 8522]",[],"[633, 1908, 1909, 1910, 9175, 9446, 10045]",28.069242238998413,140.0,0.3333333333333333,0.2857142857142857,0.4,327.5
141,HAR,NewMA,"$wsize=200, forget_factor=0.05, thresholding_quantile=0.999$",25.662347626686095,168.0,0.40343323343323345,0.32531746031746034,0.54,"[1906, 3312, 4856, 6800, 8522]",[],"[900, 1908, 1909, 1910, 4184, 9175, 10045]",20.40849137306213,140.0,0.5,0.42857142857142855,0.6,509.0
142,HAR,NewMA,"$wsize=200, forget_factor=0.05, thresholding_quantile=0.999$",25.662347626686095,168.0,0.40343323343323345,0.32531746031746034,0.54,"[1906, 3312, 4856, 6800, 8522]",[],"[633, 796, 900, 1908, 1909, 1910, 4184, 9175, 9446, 10045]",26.7047815322876,200.0,0.4,0.3,0.6,509.0
143,HAR,NewMA,"$wsize=200, forget_factor=0.05, thresholding_quantile=0.999$",25.662347626686095,168.0,0.40343323343323345,0.32531746031746034,0.54,"[1906, 3312, 4856, 6800, 8522]",[],"[633, 796, 900, 1908, 1909, 1910, 4184, 9175, 9446, 10045]",22.658814430236816,200.0,0.4,0.3,0.6,509.0
144,HAR,NewMA,"$wsize=200, forget_factor=0.05, thresholding_quantile=0.999$",25.662347626686095,168.0,0.40343323343323345,0.32531746031746034,0.54,"[1906, 3312, 4856, 6800, 8522]",[],"[633, 796, 900, 1908, 1909, 1910, 9175, 9446, 10045]",31.34886407852173,180.0,0.2857142857142857,0.2222222222222222,0.4,327.5
145,HAR,NewMA,"$wsize=200, forget_factor=0.05, thresholding_quantile=0.999$",25.662347626686095,168.0,0.40343323343323345,0.32531746031746034,0.54,"[1906, 3312, 4856, 6800, 8522]",[],"[633, 796, 900, 1908, 1909, 1910, 4184, 9175, 9446, 10045]",26.807355880737305,200.0,0.4,0.3,0.6,509.0
146,HAR,NewMA,"$wsize=200, forget_factor=0.05, thresholding_quantile=0.999$",25.662347626686095,168.0,0.40343323343323345,0.32531746031746034,0.54,"[1906, 3312, 4856, 6800, 8522]",[],"[900, 1908, 1909, 1910, 4860, 9175, 9446, 10045]",20.76959204673767,160.0,0.4615384615384615,0.375,0.6,219.66666666666666
147,HAR,NewMA,"$wsize=200, forget_factor=0.05, thresholding_quantile=0.999$",25.662347626686095,168.0,0.40343323343323345,0.32531746031746034,0.54,"[1906, 3312, 4856, 6800, 8522]",[],"[633, 796, 900, 1908, 1909, 1910, 4184, 9175, 10045]",27.814964294433597,180.0,0.42857142857142855,0.3333333333333333,0.6,509.0
148,HAR,NewMA,"$wsize=200, forget_factor=0.05, thresholding_quantile=0.999$",25.662347626686095,168.0,0.40343323343323345,0.32531746031746034,0.54,"[1906, 3312, 4856, 6800, 8522]",[],"[633, 1908, 1909, 1910, 4184, 9175, 9446, 10045]",28.88266611099243,160.0,0.4615384615384615,0.375,0.6,509.0
149,HAR,NewMA,"$wsize=200, forget_factor=0.05, thresholding_quantile=0.999$",25.662347626686095,168.0,0.40343323343323345,0.32531746031746034,0.54,"[1906, 3312, 4856, 6800, 8522]",[],"[900, 1908, 1909, 1910, 9175, 10045]",23.15870428085327,120.0,0.3636363636363636,0.3333333333333333,0.4,327.5
150,HAR,ScanB,"$wsize = 200, numw = 5, thresholding_quantile=0.99, forget_factor=0.06$",217.24803643756442,100.0,0.20000000000000004,0.2,0.2,"[1906, 3312, 4856, 6800, 8522]",[],"[357, 358, 6587, 6588, 10060]",221.21611833572388,100.0,0.20000000000000004,0.2,0.2,1634.5
151,HAR,ScanB,"$wsize = 200, numw = 5, thresholding_quantile=0.99, forget_factor=0.06$",217.24803643756442,100.0,0.20000000000000004,0.2,0.2,"[1906, 3312, 4856, 6800, 8522]",[],"[357, 358, 6587, 6588, 10060]",196.2714569568634,100.0,0.20000000000000004,0.2,0.2,1634.5
152,HAR,ScanB,"$wsize = 200, numw = 5, thresholding_quantile=0.99, forget_factor=0.06$",217.24803643756442,100.0,0.20000000000000004,0.2,0.2,"[1906, 3312, 4856, 6800, 8522]",[],"[357, 358, 6587, 6588, 10060]",207.41393494606015,100.0,0.20000000000000004,0.2,0.2,1634.5
153,HAR,ScanB,"$wsize = 200, numw = 5, thresholding_quantile=0.99, forget_factor=0.06$",217.24803643756442,100.0,0.20000000000000004,0.2,0.2,"[1906, 3312, 4856, 6800, 8522]",[],"[357, 358, 6587, 6588, 10060]",216.9385368824005,100.0,0.20000000000000004,0.2,0.2,1634.5
154,HAR,ScanB,"$wsize = 200, numw = 5, thresholding_quantile=0.99, forget_factor=0.06$",217.24803643756442,100.0,0.20000000000000004,0.2,0.2,"[1906, 3312, 4856, 6800, 8522]",[],"[357, 358, 6587, 6588, 10060]",220.0079391002655,100.0,0.20000000000000004,0.2,0.2,1634.5
155,HAR,ScanB,"$wsize = 200, numw = 5, thresholding_quantile=0.99, forget_factor=0.06$",217.24803643756442,100.0,0.20000000000000004,0.2,0.2,"[1906, 3312, 4856, 6800, 8522]",[],"[357, 358, 6587, 6588, 10060]",220.1188638210297,100.0,0.20000000000000004,0.2,0.2,1634.5
156,HAR,ScanB,"$wsize = 200, numw = 5, thresholding_quantile=0.99, forget_factor=0.06$",217.24803643756442,100.0,0.20000000000000004,0.2,0.2,"[1906, 3312, 4856, 6800, 8522]",[],"[357, 358, 6587, 6588, 10060]",229.21757984161377,100.0,0.20000000000000004,0.2,0.2,1634.5
157,HAR,ScanB,"$wsize = 200, numw = 5, thresholding_quantile=0.99, forget_factor=0.06$",217.24803643756442,100.0,0.20000000000000004,0.2,0.2,"[1906, 3312, 4856, 6800, 8522]",[],"[357, 358, 6587, 6588, 10060]",217.53357672691345,100.0,0.20000000000000004,0.2,0.2,1634.5
158,HAR,ScanB,"$wsize = 200, numw = 5, thresholding_quantile=0.99, forget_factor=0.06$",217.24803643756442,100.0,0.20000000000000004,0.2,0.2,"[1906, 3312, 4856, 6800, 8522]",[],"[357, 358, 6587, 6588, 10060]",226.51432132720947,100.0,0.20000000000000004,0.2,0.2,1634.5
159,MNIST,MMDEW,$\alpha = 1e-10$,3254.2656877756117,100.0,1.0,1.0,1.0,"[6903, 13728, 21021, 27334, 34475, 42352, 49176, 56134, 63010]","[4820814132776970826625886277023487807566608981348378505904127, 9641628265553941653251772554046975615133217962696757011808255, 14462442398330912479877658831070463422699826944045135517712383, 17676318486848893030961583015752788627744232931610721188315135, 22497132619625863857587469292776276435310841912959099694219263, 24104070663884854133129431385117439037833044906741892529520639, 25711008708143844408671393477458601640355247900524685364822015, 30531822840920815235297279754482089447921856881873063870726143, 33745698929438795786381203939164414652966262869438649541328895]","[7462, 14217, 21398, 28577, 34805, 42673, 53249, 56676, 63811]",3133.5130109786987,100.0,1.0,1.0,1.0,970.5555555555555
160,MNIST,MMDEW,$\alpha = 1e-10$,3254.2656877756117,100.0,1.0,1.0,1.0,"[6903, 13728, 21021, 27334, 34475, 42352, 49176, 56134, 63010]","[4820814132776970826625886277023487807566608981348378505904127, 9641628265553941653251772554046975615133217962696757011808255, 14462442398330912479877658831070463422699826944045135517712383, 17676318486848893030961583015752788627744232931610721188315135, 22497132619625863857587469292776276435310841912959099694219263, 24104070663884854133129431385117439037833044906741892529520639, 25711008708143844408671393477458601640355247900524685364822015, 28924884796661824959755317662140926845399653888090271035424767, 33745698929438795786381203939164414652966262869438649541328895]","[7466, 14205, 21399, 28550, 34796, 42674, 53645, 56646, 63546]",3244.048901081085,100.0,1.0,1.0,1.0,977.1111111111111
161,MNIST,MMDEW,$\alpha = 1e-10$,3254.2656877756117,100.0,1.0,1.0,1.0,"[6903, 13728, 21021, 27334, 34475, 42352, 49176, 56134, 63010]","[4820814132776970826625886277023487807566608981348378505904127, 9641628265553941653251772554046975615133217962696757011808255, 14462442398330912479877658831070463422699826944045135517712383, 17676318486848893030961583015752788627744232931610721188315135, 22497132619625863857587469292776276435310841912959099694219263, 24104070663884854133129431385117439037833044906741892529520639, 25711008708143844408671393477458601640355247900524685364822015, 28924884796661824959755317662140926845399653888090271035424767, 33745698929438795786381203939164414652966262869438649541328895]","[7463, 14202, 21395, 28444, 34805, 42672, 53516, 56675, 63557]",3224.717141389847,100.0,1.0,1.0,1.0,955.1111111111111
162,MNIST,MMDEW,$\alpha = 1e-10$,3254.2656877756117,100.0,1.0,1.0,1.0,"[6903, 13728, 21021, 27334, 34475, 42352, 49176, 56134, 63010]","[4820814132776970826625886277023487807566608981348378505904127, 9641628265553941653251772554046975615133217962696757011808255, 14462442398330912479877658831070463422699826944045135517712383, 17676318486848893030961583015752788627744232931610721188315135, 22497132619625863857587469292776276435310841912959099694219263, 24104070663884854133129431385117439037833044906741892529520639, 27317946752402834684213355569799764242877450894307478200123391, 33745698929438795786381203939164414652966262869438649541328895, 36959575017956776337465128123846739858010668857004235211931647]","[7471, 14207, 21396, 28545, 34814, 42673, 50563, 56667, 63839]",3219.877104282379,100.0,1.0,1.0,1.0,671.3333333333334
163,MNIST,MMDEW,$\alpha = 1e-10$,3254.2656877756117,100.0,1.0,1.0,1.0,"[6903, 13728, 21021, 27334, 34475, 42352, 49176, 56134, 63010]","[4820814132776970826625886277023487807566608981348378505904127, 9641628265553941653251772554046975615133217962696757011808255, 14462442398330912479877658831070463422699826944045135517712383, 17676318486848893030961583015752788627744232931610721188315135, 22497132619625863857587469292776276435310841912959099694219263, 24104070663884854133129431385117439037833044906741892529520639, 25711008708143844408671393477458601640355247900524685364822015, 28924884796661824959755317662140926845399653888090271035424767, 33745698929438795786381203939164414652966262869438649541328895]","[7474, 14214, 21404, 28737, 34814, 42673, 53540, 56672, 63527]",3322.2950744628906,100.0,1.0,1.0,1.0,991.3333333333334
164,MNIST,MMDEW,$\alpha = 1e-10$,3254.2656877756117,100.0,1.0,1.0,1.0,"[6903, 13728, 21021, 27334, 34475, 42352, 49176, 56134, 63010]","[4820814132776970826625886277023487807566608981348378505904127, 9641628265553941653251772554046975615133217962696757011808255, 14462442398330912479877658831070463422699826944045135517712383, 17676318486848893030961583015752788627744232931610721188315135, 22497132619625863857587469292776276435310841912959099694219263, 24104070663884854133129431385117439037833044906741892529520639, 25711008708143844408671393477458601640355247900524685364822015, 30531822840920815235297279754482089447921856881873063870726143, 33745698929438795786381203939164414652966262869438649541328895]","[7470, 14208, 21416, 28484, 34813, 42673, 52533, 56678, 63825]",3294.0963492393494,100.0,1.0,1.0,1.0,885.2222222222222
165,MNIST,MMDEW,$\alpha = 1e-10$,3254.2656877756117,100.0,1.0,1.0,1.0,"[6903, 13728, 21021, 27334, 34475, 42352, 49176, 56134, 63010]","[4820814132776970826625886277023487807566608981348378505904127, 9641628265553941653251772554046975615133217962696757011808255, 14462442398330912479877658831070463422699826944045135517712383, 17676318486848893030961583015752788627744232931610721188315135, 22497132619625863857587469292776276435310841912959099694219263, 24104070663884854133129431385117439037833044906741892529520639, 25711008708143844408671393477458601640355247900524685364822015, 28924884796661824959755317662140926845399653888090271035424767, 33745698929438795786381203939164414652966262869438649541328895]","[7468, 14214, 21401, 28526, 34814, 42673, 52063, 56640, 63545]",3198.9281227588654,100.0,1.0,1.0,1.0,801.2222222222222
166,MNIST,MMDEW,$\alpha = 1e-10$,3254.2656877756117,100.0,1.0,1.0,1.0,"[6903, 13728, 21021, 27334, 34475, 42352, 49176, 56134, 63010]","[4820814132776970826625886277023487807566608981348378505904127, 9641628265553941653251772554046975615133217962696757011808255, 14462442398330912479877658831070463422699826944045135517712383, 17676318486848893030961583015752788627744232931610721188315135, 22497132619625863857587469292776276435310841912959099694219263, 24104070663884854133129431385117439037833044906741892529520639, 25711008708143844408671393477458601640355247900524685364822015, 28924884796661824959755317662140926845399653888090271035424767, 33745698929438795786381203939164414652966262869438649541328895]","[7473, 14195, 21410, 28555, 34803, 42674, 53186, 56667, 63536]",3365.2458963394165,100.0,1.0,1.0,1.0,929.5555555555555
167,MNIST,MMDEW,$\alpha = 1e-10$,3254.2656877756117,100.0,1.0,1.0,1.0,"[6903, 13728, 21021, 27334, 34475, 42352, 49176, 56134, 63010]","[4820814132776970826625886277023487807566608981348378505904127, 9641628265553941653251772554046975615133217962696757011808255, 14462442398330912479877658831070463422699826944045135517712383, 17676318486848893030961583015752788627744232931610721188315135, 22497132619625863857587469292776276435310841912959099694219263, 24104070663884854133129431385117439037833044906741892529520639, 27317946752402834684213355569799764242877450894307478200123391, 33745698929438795786381203939164414652966262869438649541328895, 36959575017956776337465128123846739858010668857004235211931647]","[7467, 14210, 21401, 28597, 34794, 42672, 50660, 56677, 63795]",3282.765651226044,100.0,1.0,1.0,1.0,682.2222222222222
168,MNIST,MMDEW,$\alpha = 1e-10$,3254.2656877756117,100.0,1.0,1.0,1.0,"[6903, 13728, 21021, 27334, 34475, 42352, 49176, 56134, 63010]","[4820814132776970826625886277023487807566608981348378505904127, 9641628265553941653251772554046975615133217962696757011808255, 14462442398330912479877658831070463422699826944045135517712383, 17676318486848893030961583015752788627744232931610721188315135, 22497132619625863857587469292776276435310841912959099694219263, 24104070663884854133129431385117439037833044906741892529520639, 25711008708143844408671393477458601640355247900524685364822015, 28924884796661824959755317662140926845399653888090271035424767, 33745698929438795786381203939164414652966262869438649541328895]","[7465, 14214, 21395, 28556, 34812, 42671, 54088, 56683, 63582]",3257.169625997544,100.0,1.0,1.0,1.0,1037.0
169,MNIST,MMDEW_nys,$\alpha = 0.0001$,2463.723505926132,92.22222222222221,0.9588235294117646,1.0,0.9222222222222222,"[6903, 13728, 21021, 27334, 34475, 42352, 49176, 56134, 63010]","[8191, 14335, 20479, 28671, 34559, 42239, 50431, 56575, 64767]","[9707, 15148, 22342, 32768, 34747, 42624, 54364, 57568, 67840]",2586.1777045726776,100.0,1.0,1.0,1.0,2552.777777777778
170,MNIST,MMDEW_nys,$\alpha = 0.0001$,2463.723505926132,92.22222222222221,0.9588235294117646,1.0,0.9222222222222222,"[6903, 13728, 21021, 27334, 34475, 42352, 49176, 56134, 63010]","[8191, 14335, 20479, 28671, 34559, 42239, 50431, 56575, 64767]","[9817, 14942, 22393, 33359, 34719, 42628, 53751, 57600, 67832]",2468.2598021030426,100.0,1.0,1.0,1.0,2545.3333333333335
171,MNIST,MMDEW_nys,$\alpha = 0.0001$,2463.723505926132,92.22222222222221,0.9588235294117646,1.0,0.9222222222222222,"[6903, 13728, 21021, 27334, 34475, 42352, 49176, 56134, 63010]","[8191, 14335, 22527, 34303, 42495, 50687, 56831, 62975]","[9635, 15197, 23916, 34714, 42714, 54847, 57862, 64961]",2371.8542478084564,88.88888888888889,0.9411764705882353,1.0,0.8888888888888888,2130.875
172,MNIST,MMDEW_nys,$\alpha = 0.0001$,2463.723505926132,92.22222222222221,0.9588235294117646,1.0,0.9222222222222222,"[6903, 13728, 21021, 27334, 34475, 42352, 49176, 56134, 63010]","[8191, 14335, 21503, 34559, 42239, 50431, 56575, 64767]","[9567, 15286, 22440, 34719, 42675, 54973, 57607, 67840]",2409.110939741134,88.88888888888889,0.9411764705882353,1.0,0.8888888888888888,2288.5
173,MNIST,MMDEW_nys,$\alpha = 0.0001$,2463.723505926132,92.22222222222221,0.9588235294117646,1.0,0.9222222222222222,"[6903, 13728, 21021, 27334, 34475, 42352, 49176, 56134, 63010]","[8191, 14335, 20479, 28671, 34303, 42495, 54783, 62975]","[9683, 15151, 22424, 32768, 34773, 42702, 57630, 65024]",2526.224356651306,88.88888888888889,0.9411764705882353,1.0,0.8888888888888888,1899.75
174,MNIST,MMDEW_nys,$\alpha = 0.0001$,2463.723505926132,92.22222222222221,0.9588235294117646,1.0,0.9222222222222222,"[6903, 13728, 21021, 27334, 34475, 42352, 49176, 56134, 63010]","[7167, 13311, 21503, 29695, 34303, 42495, 56831, 62975]","[8091, 14647, 22528, 34332, 34739, 42736, 57856, 64883]",2497.421901226044,88.88888888888889,0.9411764705882353,1.0,0.8888888888888888,1856.875
175,MNIST,MMDEW_nys,$\alpha = 0.0001$,2463.723505926132,92.22222222222221,0.9588235294117646,1.0,0.9222222222222222,"[6903, 13728, 21021, 27334, 34475, 42352, 49176, 56134, 63010]","[7167, 13311, 21503, 34559, 42239, 50431, 56575, 64767]","[8154, 14831, 22461, 34734, 42627, 55101, 57471, 67680]",2483.931565523148,88.88888888888889,0.9411764705882353,1.0,0.8888888888888888,2032.5
176,MNIST,MMDEW_nys,$\alpha = 0.0001$,2463.723505926132,92.22222222222221,0.9588235294117646,1.0,0.9222222222222222,"[6903, 13728, 21021, 27334, 34475, 42352, 49176, 56134, 63010]","[8191, 14335, 20479, 28671, 34559, 42239, 50431, 56575, 62719]","[9577, 15293, 22518, 32768, 34730, 42632, 55396, 57544, 64544]",2521.177802324295,100.0,1.0,1.0,1.0,2318.777777777778
177,MNIST,MMDEW_nys,$\alpha = 0.0001$,2463.723505926132,92.22222222222221,0.9588235294117646,1.0,0.9222222222222222,"[6903, 13728, 21021, 27334, 34475, 42352, 49176, 56134, 63010]","[7167, 13311, 21503, 34303, 42495, 50687, 56831, 62975]","[8121, 14649, 22518, 34763, 42704, 54654, 58048, 64512]",2360.8728108406067,88.88888888888889,0.9411764705882353,1.0,0.8888888888888888,1646.25
178,MNIST,MMDEW_nys,$\alpha = 0.0001$,2463.723505926132,92.22222222222221,0.9588235294117646,1.0,0.9222222222222222,"[6903, 13728, 21021, 27334, 34475, 42352, 49176, 56134, 63010]","[7167, 13311, 21503, 34559, 42239, 50431, 56575, 64767]","[8119, 14541, 22491, 34718, 42656, 55055, 57600, 67440]",2412.203928470612,88.88888888888889,0.9411764705882353,1.0,0.8888888888888888,1977.625
179,MNIST,NewMA,"$wsize=20, forget_factor=0.06, thresholding_quantile=0.999$",12.763191270828248,337.77777777777777,0.4265007983359047,0.27919684183967786,0.9222222222222222,"[6903, 13728, 21021, 27334, 34475, 42352, 49176, 56134, 63010]",[],"[243, 2487, 2771, 6744, 10007, 10131, 15991, 18589, 27537, 27789, 30376, 30711, 32593, 36864, 37326, 38505, 38777, 39919, 40654, 41094, 42355, 47112, 47880, 49699, 50324, 50843, 52501, 52558, 53403, 54633, 54780, 56137, 57231, 58632, 59063, 59886, 61994, 68480]",12.76546025276184,422.22222222222223,0.38297872340425526,0.23684210526315788,1.0,1744.75
180,MNIST,NewMA,"$wsize=20, forget_factor=0.06, thresholding_quantile=0.999$",12.763191270828248,337.77777777777777,0.4265007983359047,0.27919684183967786,0.9222222222222222,"[6903, 13728, 21021, 27334, 34475, 42352, 49176, 56134, 63010]",[],"[7787, 8424, 10790, 14911, 17205, 19299, 22683, 30540, 31143, 35013, 35186, 36803, 36864, 37325, 37326, 38291, 38292, 38777, 39919, 40276, 41134, 42280, 42353, 42354, 44926, 50238, 51005, 52196, 52197, 54633, 63437]",13.09508752822876,344.44444444444446,0.39999999999999997,0.25806451612903225,0.8888888888888888,1120.375
181,MNIST,NewMA,"$wsize=20, forget_factor=0.06, thresholding_quantile=0.999$",12.763191270828248,337.77777777777777,0.4265007983359047,0.27919684183967786,0.9222222222222222,"[6903, 13728, 21021, 27334, 34475, 42352, 49176, 56134, 63010]",[],"[1039, 1705, 4326, 9150, 9705, 11747, 11748, 14911, 15991, 16157, 18278, 19967, 20300, 20856, 24991, 37325, 37326, 38505, 39461, 39919, 40712, 40910, 40911, 41134, 41540, 42280, 42354, 47355, 47802, 48726, 49485, 53974, 55693, 60054, 64908]",15.09315299987793,388.88888888888886,0.3636363636363636,0.22857142857142856,0.8888888888888888,2047.375
182,MNIST,NewMA,"$wsize=20, forget_factor=0.06, thresholding_quantile=0.999$",12.763191270828248,337.77777777777777,0.4265007983359047,0.27919684183967786,0.9222222222222222,"[6903, 13728, 21021, 27334, 34475, 42352, 49176, 56134, 63010]",[],"[11747, 14315, 15991, 18033, 27460, 36369, 36864, 37326, 40654, 41139, 41388, 42353, 42354, 42355, 43060, 56290, 56747, 58632, 60742, 62513, 62746, 64229, 64766, 65339]",15.009785175323486,266.66666666666663,0.42424242424242425,0.2916666666666667,0.7777777777777778,1261.0
183,MNIST,NewMA,"$wsize=20, forget_factor=0.06, thresholding_quantile=0.999$",12.763191270828248,337.77777777777777,0.4265007983359047,0.27919684183967786,0.9222222222222222,"[6903, 13728, 21021, 27334, 34475, 42352, 49176, 56134, 63010]",[],"[2622, 2842, 4914, 4988, 10973, 11093, 11149, 11747, 11748, 14253, 18033, 20856, 22131, 24991, 25787, 32593, 35331, 36369, 39282, 40911, 42353, 42354, 50400, 50843, 51698, 56968, 57367]",15.011570692062378,300.0,0.4444444444444444,0.2962962962962963,0.8888888888888888,1734.875
184,MNIST,NewMA,"$wsize=20, forget_factor=0.06, thresholding_quantile=0.999$",12.763191270828248,337.77777777777777,0.4265007983359047,0.27919684183967786,0.9222222222222222,"[6903, 13728, 21021, 27334, 34475, 42352, 49176, 56134, 63010]",[],"[8002, 9150, 19069, 20588, 23968, 24821, 27510, 27941, 29096, 36084, 37326, 38777, 39672, 40654, 40911, 41011, 41777, 42354, 43460, 48912, 49699, 51557, 52499, 56140, 57120, 61217, 61932, 62049]",11.875206232070925,311.11111111111114,0.43243243243243246,0.2857142857142857,0.8888888888888888,1462.875
185,MNIST,NewMA,"$wsize=20, forget_factor=0.06, thresholding_quantile=0.999$",12.763191270828248,337.77777777777777,0.4265007983359047,0.27919684183967786,0.9222222222222222,"[6903, 13728, 21021, 27334, 34475, 42352, 49176, 56134, 63010]",[],"[5434, 11093, 14320, 14982, 15991, 19300, 26986, 32593, 35307, 35369, 39235, 39672, 39728, 40654, 42353, 42355, 50764, 50939, 53199, 53974, 61379, 64257, 67458]",6.54750394821167,255.55555555555554,0.5625,0.391304347826087,1.0,2768.777777777778
186,MNIST,NewMA,"$wsize=20, forget_factor=0.06, thresholding_quantile=0.999$",12.763191270828248,337.77777777777777,0.4265007983359047,0.27919684183967786,0.9222222222222222,"[6903, 13728, 21021, 27334, 34475, 42352, 49176, 56134, 63010]",[],"[1039, 4208, 7097, 7690, 8412, 8824, 10238, 13713, 14911, 18033, 25977, 31545, 31652, 32377, 32923, 34742, 35557, 36649, 36723, 38777, 40654, 43306, 47801, 47802, 48471, 53278, 61227, 61932, 65474, 68480]",13.900781869888306,333.33333333333337,0.4615384615384615,0.3,1.0,2602.6666666666665
187,MNIST,NewMA,"$wsize=20, forget_factor=0.06, thresholding_quantile=0.999$",12.763191270828248,337.77777777777777,0.4265007983359047,0.27919684183967786,0.9222222222222222,"[6903, 13728, 21021, 27334, 34475, 42352, 49176, 56134, 63010]",[],"[6232, 6854, 6855, 11562, 11747, 11748, 11749, 15865, 15991, 18278, 23968, 24143, 24304, 24487, 26266, 28513, 29489, 37325, 38292, 38777, 39461, 39672, 40911, 41540, 42280, 42353, 46255, 48576, 53070, 55400, 57481, 58632, 62746, 64179, 64766, 66173, 68480, 69495]",14.64551568031311,422.22222222222223,0.38297872340425526,0.23684210526315788,1.0,2242.5555555555557
188,MNIST,NewMA,"$wsize=20, forget_factor=0.06, thresholding_quantile=0.999$",12.763191270828248,337.77777777777777,0.4265007983359047,0.27919684183967786,0.9222222222222222,"[6903, 13728, 21021, 27334, 34475, 42352, 49176, 56134, 63010]",[],"[1039, 2622, 3980, 4208, 6232, 8424, 11149, 18192, 23350, 29365, 30540, 32924, 38291, 38292, 39272, 39919, 40712, 41200, 44060, 45015, 47508, 48576, 49382, 49816, 50324, 54633, 55200, 55347, 63239, 68994]",9.687848329544067,333.33333333333337,0.41025641025641024,0.26666666666666666,0.8888888888888888,2038.0
189,MNIST,ScanB,"$wsize = 300, numw = 3, thresholding_quantile=0.99, forget_factor=0.1$",3828.7751355648043,122.22222222222221,0.5,0.4545454545454545,0.5555555555555556,"[6903, 13728, 21021, 27334, 34475, 42352, 49176, 56134, 63010]",[],"[6091, 22813, 24145, 36954, 37097, 37943, 38089, 41179, 43857, 51092, 62865]",3911.098108768463,122.22222222222223,0.5,0.45454545454545453,0.5555555555555556,2884.6
190,MNIST,ScanB,"$wsize = 300, numw = 3, thresholding_quantile=0.99, forget_factor=0.1$",3828.7751355648043,122.22222222222221,0.5,0.4545454545454545,0.5555555555555556,"[6903, 13728, 21021, 27334, 34475, 42352, 49176, 56134, 63010]",[],"[6091, 22813, 24145, 36954, 37097, 37943, 38089, 41179, 43857, 51092, 62865]",3744.69344830513,122.22222222222223,0.5,0.45454545454545453,0.5555555555555556,2884.6
191,MNIST,ScanB,"$wsize = 300, numw = 3, thresholding_quantile=0.99, forget_factor=0.1$",3828.7751355648043,122.22222222222221,0.5,0.4545454545454545,0.5555555555555556,"[6903, 13728, 21021, 27334, 34475, 42352, 49176, 56134, 63010]",[],"[6091, 22813, 24145, 36954, 37097, 37943, 38089, 41179, 43857, 51092, 62865]",3763.680941343308,122.22222222222223,0.5,0.45454545454545453,0.5555555555555556,2884.6
192,MNIST,ScanB,"$wsize = 300, numw = 3, thresholding_quantile=0.99, forget_factor=0.1$",3828.7751355648043,122.22222222222221,0.5,0.4545454545454545,0.5555555555555556,"[6903, 13728, 21021, 27334, 34475, 42352, 49176, 56134, 63010]",[],"[6091, 22813, 24145, 36954, 37097, 37943, 38089, 41179, 43857, 51092, 62865]",3901.750197172165,122.22222222222223,0.5,0.45454545454545453,0.5555555555555556,2884.6
193,MNIST,ScanB,"$wsize = 300, numw = 3, thresholding_quantile=0.99, forget_factor=0.1$",3828.7751355648043,122.22222222222221,0.5,0.4545454545454545,0.5555555555555556,"[6903, 13728, 21021, 27334, 34475, 42352, 49176, 56134, 63010]",[],"[6091, 22813, 24145, 36954, 37097, 37943, 38089, 41179, 43857, 51092, 62865]",3858.7986023426056,122.22222222222223,0.5,0.45454545454545453,0.5555555555555556,2884.6
194,MNIST,ScanB,"$wsize = 300, numw = 3, thresholding_quantile=0.99, forget_factor=0.1$",3828.7751355648043,122.22222222222221,0.5,0.4545454545454545,0.5555555555555556,"[6903, 13728, 21021, 27334, 34475, 42352, 49176, 56134, 63010]",[],"[6091, 22813, 24145, 36954, 37097, 37943, 38089, 41179, 43857, 51092, 62865]",3702.613424539566,122.22222222222223,0.5,0.45454545454545453,0.5555555555555556,2884.6
195,MNIST,ScanB,"$wsize = 300, numw = 3, thresholding_quantile=0.99, forget_factor=0.1$",3828.7751355648043,122.22222222222221,0.5,0.4545454545454545,0.5555555555555556,"[6903, 13728, 21021, 27334, 34475, 42352, 49176, 56134, 63010]",[],"[6091, 22813, 24145, 36954, 37097, 37943, 38089, 41179, 43857, 51092, 62865]",3826.258693218231,122.22222222222223,0.5,0.45454545454545453,0.5555555555555556,2884.6
196,MNIST,ScanB,"$wsize = 300, numw = 3, thresholding_quantile=0.99, forget_factor=0.1$",3828.7751355648043,122.22222222222221,0.5,0.4545454545454545,0.5555555555555556,"[6903, 13728, 21021, 27334, 34475, 42352, 49176, 56134, 63010]",[],"[6091, 22813, 24145, 36954, 37097, 37943, 38089, 41179, 43857, 51092, 62865]",3770.196775197983,122.22222222222223,0.5,0.45454545454545453,0.5555555555555556,2884.6
197,MNIST,ScanB,"$wsize = 300, numw = 3, thresholding_quantile=0.99, forget_factor=0.1$",3828.7751355648043,122.22222222222221,0.5,0.4545454545454545,0.5555555555555556,"[6903, 13728, 21021, 27334, 34475, 42352, 49176, 56134, 63010]",[],"[6091, 22813, 24145, 36954, 37097, 37943, 38089, 41179, 43857, 51092, 62865]",3776.975043296814,122.22222222222223,0.5,0.45454545454545453,0.5555555555555556,2884.6
198,MNIST,ScanB,"$wsize = 300, numw = 3, thresholding_quantile=0.99, forget_factor=0.1$",3828.7751355648043,122.22222222222221,0.5,0.4545454545454545,0.5555555555555556,"[6903, 13728, 21021, 27334, 34475, 42352, 49176, 56134, 63010]",[],"[6091, 22813, 24145, 36954, 37097, 37943, 38089, 41179, 43857, 51092, 62865]",4031.686121463776,122.22222222222223,0.5,0.45454545454545453,0.5555555555555556,2884.6
